,CIK,Company,Date
8,0000006125,Keystone Camera Products,1992
29,0000797422,Hi-Def Enterprise Inc,1993
23,0000822373,Namsco Corp,1994
12,0000087817,Scientific Radio Systems Inc,1995
165,0000773326,FORELAND CORP,2004
648,0001131806,COMMERCE ONE INC / DE/,2004
271,0000878720,CHILDREN S BOOKS & TOYS INC,2004
276,0000879206,USN CORP,2004
524,0001071645,WORLD ACCESS INC /NEW/,2004
54,0000073088,NORTHWESTERN CORP,2004
511,0001064063,MIIX GROUP INC,2004
284,0000885672,ASTROPOWER INC,2004
185,0000797542,ZAXIS INTERNATIONAL INC,2004
160,0000768119,DATATEC SYSTEMS INC,2004
472,0001044324,TROPICAL SPORTSWEAR INTERNATIONAL CORP,2004
99,0000315641,FRANKFORT TOWER INDUSTRIES INC,2004
672,0001144835,TOUCH AMERICA HOLDINGS INC,2004
149,0000745287,INTERMET CORP,2004
343,0000924174,CORAM HEALTHCARE CORP,2004
701,0001170161,IDEAL ACCENTS INC,2004
352,0000930735,CROWN PACIFIC PARTNERS L P,2004
52,0000066895,MISSISSIPPI CHEMICAL CORP /MS/,2004
645,0001129981,OGLEBAY NORTON CO /OHIO/,2004
88,0000225463,HUFFY CORP,2004
519,0001069201,CROSS MEDIA MARKETING CORP,2004
122,0000701345,US AIRWAYS GROUP INC,2004
598,0001107080,ENVIRO ENERGY CORP,2004
85,0000203200,METATEC INC,2004
188,0000801550,DVI INC,2004
77,0000100979,ARIS INDUSTRIES INC,2004
626,0001121131,REDLINE PERFORMANCE PRODUCTS INC,2004
217,0000829499,INTERSTATE BAKERIES CORP/DE/,2004
87,0000225211,BICO INC/PA,2004
186,0000800181,MED DIVERSIFIED INC,2004
560,0001091953,CHOICE ONE COMMUNICATIONS INC,2004
35,0000038792,FRANKS NURSERY & CRAFTS INC,2004
49,0000065202,ANTARES RESOURCES CORP,2005
51,0000066849,SOUTHERN INVESTORS SERVICE CO INC,2005
328,0000914384,DAN RIVER INC /GA/,2005
184,0000797496,FRONTIER INSURANCE GROUP INC,2005
335,0000919943,MCLEODUSA INC,2005
339,0000921549,TRICO MARINE SERVICES INC,2005
368,0000943323,TRUMP ENTERTAINMENT RESORTS HOLDINGS LP,2005
50,0000065984,ENTERGY CORP /DE/,2005
346,0000925548,TOWER AUTOMOTIVE INC,2005
187,0000800401,EPICUS COMMUNICATIONS GROUP INC,2005
363,0000936446,GASEL TRANSPORTATION LINES INC,2005
354,0000931457,UNIVERSAL AUTOMOTIVE INDUSTRIES INC /DE/,2005
128,0000715031,HOME DIRECTOR INC,2005
731,0001226933,TRUMP ATLANTIC CITY FUNDING III INC,2005
200,0000810932,GLOBALNET CORP,2005
814,0001321746,Refco Inc.,2005
779,0001294382,"Morgan Energy Center, LLC",2005
251,0000857171,ABLE LABORATORIES INC,2005
238,0000846815,COLLINS & AIKMAN CORP,2005
261,0000866492,"Tectonic Network, Inc",2005
171,0000778423,ARLINGTON HOSPITALITY INC,2005
222,0000835768,MAIR HOLDINGS INC,2005
219,0000831115,HEARTLAND TECHNOLOGY INC,2005
795,0001305464,Refco Finance Inc.,2005
19,0000027425,AMCAST INDUSTRIAL CORP,2005
164,0000773318,VERITEC INC,2005
292,0000890784,RAMP CORP,2005
31,0000034339,FALCON PRODUCTS INC /DE/,2005
296,0000893741,FRESH CHOICE INC,2005
297,0000894158,SHEFFIELD PHARMACEUTICALS INC,2005
41,0000051124,AMERICAN BANKNOTE CORP,2005
303,0000895651,SIGHT RESOURCE CORP,2005
304,0000895716,U S WIRELESS DATA INC,2005
163,0000772349,AMERICAN BUSINESS FINANCIAL SERVICES INC /DE/,2005
321,0000911626,ULTIMATE ELECTRONICS INC,2005
319,0000911004,FRIEDMANS INC,2005
336,0000920317,FIRST VIRTUAL COMMUNICATIONS INC,2005
398,0001006269,LORAL SPACE & COMMUNICATIONS LTD,2005
397,0001005214,AMERICAN WAGERING INC,2005
508,0001062834,BARON CAPITAL PROPERTIES LP,2005
528,0001074530,BOYDS COLLECTION LTD,2005
529,0001074663,TRANS MAX TECHNOLOGIES INC,2005
533,0001077050,PACIFIC MAGTRON INTERNATIONAL CORP,2005
646,0001130128,CLAREMONT TECHNOLOGIES CORP,2005
540,0001081748,COLUMBIA BAKERIES INC,2005
545,0001083753,THERMOVIEW INDUSTRIES INC,2005
549,0001085254,EXCALIBUR INDUSTRIES INC,2005
643,0001129650,TORCH OFFSHORE INC,2005
555,0001089393,JACOBSON RESONANCE ENTERPRISES INC,2005
642,0001127783,TRENWICK AMERICA CORP,2005
563,0001092536,FN ESTATE INC,2005
571,0001095792,AVALON DIGITAL MARKETING SYSTEMS INC,2005
574,0001096352,HOLLYWOOD CASINO SHREVEPORT,2005
577,0001096789,PROJECT GROUP INC,2005
582,0001099730,EPIXTAR CORP,2005
584,0001100395,AMERICA ONLINE LATIN AMERICA INC,2005
597,0001106836,SGD HOLDINGS LTD,2005
83,0000107681,WINN DIXIE STORES INC,2005
82,0000106618,WHX CORP,2005
619,0001116181,IWO HOLDINGS INC,2005
612,0001112263,PROXIM CORP,2005
499,0001059364,EAGLE PICHER HOLDINGS INC,2005
89,0000225868,ROBOTIC VISION SYSTEMS INC,2005
505,0001061822,COMPOSITE SOLUTIONS INC,2005
90,0000230131,COMDIAL CORP,2005
401,0001009891,HEALTH & NUTRITION SYSTEMS INTERNATIONAL INC,2005
402,0001010026,3DFX INTERACTIVE INC,2005
707,0001172222,HAWAIIAN HOLDINGS  INC,2005
28,0000032272,THREE FIVE SYSTEMS INC,2005
116,0000356395,RELIANCE GROUP HOLDINGS INC,2005
410,0001013148,XYBERNAUT CORP,2005
412,0001013243,AAIPHARMA INC,2005
418,0001015868,TL  ADMINISTRATION CORP,2005
57,0000074783,ACCEPTANCE INSURANCE COMPANIES INC,2005
427,0001019825,MOONEY AEROSPACE GROUP LTD,2005
485,0001048339,TOMS FOODS INC,2005
692,0001165532,ATX COMMUNICATIONS INC,2005
406,0001010775,MIRANT CORP,2005
465,0001039387,NATURAL GOLF CORP,2005
473,0001044434,SYNDICATED FOOD SERVICE INTERNATIONAL INC,2005
667,0001140761,MIRANT AMERICAS GENERATING LLC,2005
477,0001045550,BARON CAPITAL TRUST,2005
664,0001138258,MIRANT MID ATLANTIC LLC,2005
61,0000077155,PENN TRAFFIC CO,2005
153,0000757011,USG CORP,2006
180,0000797167,NATURADE INC,2006
101,0000316672,TERAFORCE TECHNOLOGY CORP,2006
168,0000774937,VERILINK CORP,2006
114,0000353827,PHARMACEUTICAL FORMULATIONS INC,2006
158,0000764794,ACCUPOLL HOLDING CORP,2006
182,0000797331,SECURED INVESTMENT RESOURCES FUND LP II,2006
166,0000773603,LIQUITEK ENTERPRISES INC,2006
113,0000353779,TELEVIDEO INC,2006
135,0000722839,"OneTravel Holdings, Inc.",2006
487,0001049442,PLIANT CORP,2006
201,0000811596,KAISER ALUMINUM CORP,2006
390,0001001463,GIBBS CONSTRUCTION INC,2006
391,0001002178,SCHLOTZSKYS INC,2006
407,0001011308,FOOTSTAR INC,2006
700,0001169709,WORLD HEALTH ALTERNATIVES INC,2006
425,0001018693,Prosoft Learning CORP,2006
450,0001029738,LIFESTREAM TECHNOLOGIES INC,2006
451,0001029893,RADNOR HOLDINGS CORP,2006
463,0001038274,ANVIL HOLDINGS INC,2006
482,0001047739,INLAND FIBER GROUP LLC,2006
484,0001048268,INTEGRATED ELECTRICAL SERVICES INC,2006
492,0001052163,ANCHOR GLASS CONTAINER CORP /NEW,2006
658,0001136294,GLOBAL POWER EQUIPMENT GROUP INC/,2006
630,0001123028,RIVERSTONE NETWORKS INC,2006
629,0001122380,"Thomas Equipment, Inc.",2006
602,0001107978,OSULLIVAN INDUSTRIES INC,2006
604,0001108951,LARGE SCALE BIOLOGY CORP,2006
609,0001110418,IDI GLOBAL INC,2006
379,0000946661,GLYCOGENESYS  INC,2006
808,0001314642,Deja Foods Inc,2006
372,0000944163,AIRNET COMMUNICATIONS CORP,2006
357,0000932127,ADDISON DAVIS DIAGNOSTICS,2006
214,0000826253,AURA SYSTEMS INC,2006
224,0000837472,BOUNDLESS CORP,2006
226,0000839621,GRANITE BROADCASTING CORP,2006
235,0000843964,HEARTLAND PARTNERS L P,2006
249,0000855581,"WEIDA COMMUNICATIONS, INC.",2006
255,0000859735,GARDENBURGER INC,2006
262,0000866671,WESTERN WATER CO,2006
765,0001286382,PREMIER ENTERTAINMENT BILOXI LLC,2006
288,0000888507,PRESIDENT CASINOS INC,2006
299,0000894503,INTEGRAL HEALTH INC,2006
308,0000898904,ATA HOLDINGS CORP,2006
738,0001238631,CURATIVE HEALTH SERVICES INC,2006
320,0000911576,VESTA INSURANCE GROUP INC,2006
329,0000915354,OSULLIVAN INDUSTRIES HOLDINGS INC,2006
334,0000919603,"IGIA, Inc.",2006
76,0000100517,UAL CORP /DE/,2006
355,0000931702,"OCA, INC. / DE /",2006
727,0001210936,EASY GARDENER PRODUCTS LTD,2006
75,0000099321,TRANSCAPITAL FINANCIAL CORP,2006
615,0001114365,CURON MEDICAL INC,2006
60,0000076791,"PORTRAIT CORP OF AMERICA, INC.",2006
18,0000026780,DANA CORP,2006
5,0000007431,ARMSTRONG WORLD INDUSTRIES INC,2006
24,0000030197,DRIVER HARRIS CO,2006
44,0000054291,KAISER ALUMINUM & CHEMICAL CORP,2006
65,0000085417,ROWE COMPANIES,2006
147,0000744106,FEDDERS CORP /DE,2007
967,0001410177,Renaissance Home Equity Loan Trust 2007-3,2007
927,0001394855,HomeBanc 2007-1,2007
433,0001021848,DELTA FINANCIAL CORP,2007
437,0001023139,EAGLE BROADBAND INC,2007
689,0001162721,CYGNUS OIL & GAS CORP,2007
687,0001160437,MEDICAL STAFFING SOLUTIONS INC,2007
257,0000860131,DEXTERITY SURGICAL INC,2007
926,0001394487,American Home Mortgage Investment Trust 2007-2,2007
809,0001316826,Synova Healthcare Group Inc,2007
668,0001141197,"BLAST ENERGY SERVICES, INC.",2007
192,0000804331,"ONE IP VOICE, INC.",2007
471,0001043382,SOLUTIA INC,2007
316,0000909950,ALLIED HOLDINGS INC,2007
478,0001045739,TRIPATH TECHNOLOGY INC,2007
195,0000806624,DELTA WOODSIDE INDUSTRIES INC /SC/,2007
311,0000901696,MTI TECHNOLOGY CORP,2007
925,0001393861,American Home Mortgage Investment Trust 2007-1,2007
741,0001256536,AMERICAN HOME MORTGAGE INVESTMENT CORP,2007
908,0001385542,HSI Asset Loan Obligation Trust 2007-AR1,2007
680,0001156295,SERACARE LIFE SCIENCES INC,2007
962,0001406911,J.P. Morgan Mortgage Trust 2007-S3,2007
493,0001054524,HYDROMAID INTERNATIONAL INC,2007
939,0001399246,J.P. Morgan Mortgage Trust 2007-S2,2007
177,0000791115,COACH INDUSTRIES GROUP INC,2007
356,0000932110,KITTY HAWK INC,2007
940,0001399311,Renaissance Home Equity Loan Trust 2007-2,2007
178,0000796486,ADELPHIA COMMUNICATIONS CORP,2007
361,0000935493,WAVE WIRELESS CORP,2007
943,0001400122,HSI Asset Loan Obligation Trust 2007-1,2007
891,0001376118,American Home Mortgage Investment Trust 2006-3,2007
899,0001379905,MASTR Adjustable Rate Mortgages Trust 2007-1,2007
330,0000916457,CALPINE CORP,2007
162,0000770944,BALLY TOTAL FITNESS HOLDING CORP,2007
32,0000034879,FEDERAL MOGUL CORP,2007
935,0001398425,Banc of America Funding 2007-D Trust,2007
389,0001001430,THAXTON GROUP INC,2007
944,0001400323,American Home Mortgage Assets Trust 2007-4,2007
945,0001400428,Alliance Bancorp Trust 2007-OA1,2007
322,0000911801,EARTHSHELL CORP,2007
905,0001385205,Banc of America Funding 2007-1 Trust,2007
953,0001403651,HarborView 2007-5,2007
956,0001403922,American Home Mortgage Assets Trust 2007-5,2007
907,0001385492,SACO I Trust 2007-1,2007
933,0001397518,Banc of America Funding 2007-4 Trust,2007
496,0001058033,NORTHWEST AIRLINES CORP,2007
501,0001060390,TWEETER HOME ENTERTAINMENT GROUP INC,2007
909,0001385543,Banc of America Funding 2007-A Trust,2007
636,0001125052,"Halo Technology Holdings, Inc.",2007
911,0001386062,American Home Mortgage Assets Trust 2007-1,2007
94,0000311871,POPE & TALBOT INC /DE/,2007
575,0001096509,"Trinsic, Inc.",2007
867,0001357174,American Home Mortgage Investment Trust 2006-1,2007
878,0001364796,"Southland Health Services, Inc.",2007
915,0001388741,American Home Mortgage Assets Trust 2007-2,2007
580,0001097805,UNIVERSAL FOOD & BEVERAGE COMPNY,2007
914,0001387942,Banc of America Funding 2007-2 Trust,2007
938,0001399234,American Home Mortgage Assets Trust 2007-3,2007
247,0000855109,"MidgardXXI, Inc.",2007
11,0000019161,CHAMPION PARTS INC,2007
593,0001104332,"Oasys Mobile, Inc.",2007
623,0001119190,IWT TESORO CORP,2007
601,0001107802,"HEADLINERS ENTERTAINMENT GROUP, INC.",2007
78,0000103341,QUAKER FABRIC CORP /DE/,2007
69,0000093542,ENESCO GROUP INC,2007
70,0000096287,BOMBAY CO INC,2007
913,0001387580,GSAMP Trust 2007-NC1,2007
240,0000851199,SIRICOMM INC,2007
84,0000109870,GLASSMASTER CO,2007
20,0000027904,DELTA AIR LINES INC /DE/,2007
564,0001092605,EMERGE INTERACTIVE INC,2007
917,0001390630,Renaissance Home Equity Loan Trust 2007-1,2007
506,0001061985,CONSOLIDATED ENERGY INC,2007
653,0001133324,INPHONIC INC,2007
920,0001392147,Banc of America Funding 2007-3 Trust,2007
918,0001391525,HarborView 2007-2,2007
523,0001071598,PAC-WEST TELECOMM INC,2007
879,0001365771,American Home Mortgage Investment Trust 2006-2,2007
209,0000818074,ALL AMERICAN SEMICONDUCTOR INC,2007
936,0001398650,J.P. Morgan Alternative Loan Trust 2007-S1,2007
767,0001287286,NEW CENTURY FINANCIAL CORP,2007
760,0001283683,HOMEBANC CORP,2007
916,0001389053,"Fieldstone Mortgage Investment Trust, Series 2007-1",2007
107,0000320573,INTERNATIONAL THOROUGHBRED BREEDERS INC,2007
546,0001084103,NETWOLVES CORP,2007
278,0000881468,SPATIALIGHT INC,2008
743,0001261482,DISTRIBUTED ENERGY SYSTEMS CORP,2008
314,0000906337,PROXYMED INC /FT LAUDERDALE/,2008
300,0000894544,CHANCELLOR GROUP INC/,2008
734,0001236038,REDENVELOPE INC,2008
919,0001392091,"SemGroup Energy Partners, L.P.",2008
256,0000859747,TORRENT ENERGY CORP,2008
775,0001292731,"BUFFETS HOLDINGS, INC.",2008
287,0000887433,AMPEX CORP /DE/,2008
282,0000885475,"International Fight League, Inc.",2008
280,0000884719,FOCUS ENHANCEMENTS INC,2008
6,0000012570,LEXINGTON PRECISION CORP,2008
413,0001013453,"VALCOM, INC",2008
347,0000926229,SCANTEK MEDICAL INC,2008
521,0001070630,THINKPATH INC,2008
525,0001072342,DELPHI CORP,2008
981,0001426082,Lehman Mortgage Trust 2008-2,2008
535,0001079797,New Century Energy Corp.,2008
984,0001430996,Structured Adjustable Rate Mortgage Loan Trust Series 2008-1,2008
541,0001082084,BROOKE CAPITAL CORP,2008
544,0001083132,IMMUNICON CORP,2008
994,0001436222,Structured Adjustable Rate Mortgage Loan Trust Series 2008-2,2008
995,0001436329,Lehman Mortgage Trust 2008-3,2008
996,0001437073,Lehman Mortgage Trust 2008-4,2008
556,0001089775,"THEATER XTREME ENTERTAINMENT GROUP, INC",2008
1000,0001443002,Lehman Mortgage Trust 2008-6,2008
561,0001092050,MICROISLET INC,2008
634,0001124394,HydroGen CORP,2008
631,0001123606,SEQUIAM CORP,2008
15,0000096287,Bombay Co Inc. (The),2008
579,0001097181,MOLECULAR IMAGING CORP,2008
581,0001098278,PLATINA ENERGY GROUP INC.,2008
14,0000093542,Enesco Group Inc,2008
586,0001100981,VUBOTICS INC,2008
591,0001103764,INTEGRITY BANCSHARES INC,2008
617,0001114908,"Challenger Powerboats, Inc.",2008
611,0001111697,DOBI MEDICAL INTERNATIONAL INC,2008
651,0001132590,"GEM SOLUTIONS, INC.",2008
733,0001232229,SYNTAX-BRILLIAN CORP,2008
652,0001132784,GALAXY ENERGY CORP,2008
979,0001425053,Wells Fargo Mortgage Backed Securities 2008-AR2 Trust,2008
360,0000935063,DOWNEY FINANCIAL CORP,2008
725,0001207070,FRANKLIN BANK CORP,2008
722,0001201259,"Performing Brands, Inc.",2008
721,0001181232,SIRVA INC,2008
719,0001178818,Storm Cat Energy CORP,2008
718,0001178717,VERTIS INC,2008
395,0001004969,PFF BANCORP INC,2008
948,0001401300,Columbia Properties Vicksburg LLC,2008
234,0000843494,"ASCENDIA BRANDS, INC.",2008
420,0001016177,DURA AUTOMOTIVE SYSTEMS INC,2008
426,0001018710,INTROGEN THERAPEUTICS INC,2008
430,0001020676,ATMOSPHERIC GLOW TECHNOLOGIES INC,2008
458,0001035270,CORNERSTONE MINISTRIES INVESTMENTS INC,2008
459,0001035826,NETBANK INC,2008
469,0001043055,LEINER HEALTH PRODUCTS INC,2008
49,0001016177,Dura Automotive Systems Inc,2008
973,0001421105,BNC CORP Mortgage Loan Trust 2007-BNC4,2008
479,0001046578,TOUSA INC,2008
662,0001137778,WCI COMMUNITIES INC,2008
489,0001051009,SHOE PAVILION INC,2008
491,0001051985,"Flagship Global Health, Inc.",2008
976,0001421732,Structured Asset Securities CORP Mortgage Loan Trust 2007-BC4,2008
502,0001060791,LEXINGTON RESOURCES INC,2008
515,0001066281,DURAVEST INC,2008
231,0000841866,AMS HEALTH SCIENCES INC,2008
344,0000925178,MOVIE GALLERY INC,2008
110,0000351917,U S ENERGY SYSTEMS INC,2008
857,0001349120,"Hawaiian Telcom Communications, Inc.",2008
866,0001357062,"Kimball Hill, Inc.",2008
872,0001360849,"RedRoller Holdings, Inc.",2008
221,0000834408,BROOKE CORP,2008
63,0000081050,Chazak Value Corp.,2008
175,0000788983,PORTOLA PACKAGING INC,2008
16,0000023778,"Convergence Ethanol, Inc.",2008
124,0000703799,VICORP RESTAURANTS INC,2008
860,0001351197,ARTES MEDICAL INC,2008
190,0000802481,PILGRIMS PRIDE CORP,2008
133,0000720145,CIPRICO INC,2008
202,0000811696,SHARPER IMAGE CORP,2008
181,0000797329,FASHION HOUSE HOLDINGS INC,2008
183,0000797448,VERSO TECHNOLOGIES INC,2008
820,0001327012,Equity Media Holdings CORP,2008
805,0001311953,"Summit Global Logistics, Inc.",2008
887,0001372326,Superior Offshore International Inc.,2008
139,0000726513,TRIBUNE CO,2008
884,0001368147,"Whitehall Jewelers Holdings, Inc.",2008
791,0001303565,"Tarpon Industries, Inc.",2008
849,0001343611,"ETHANEX ENERGY, INC.",2008
862,0001351548,"Frontier Airlines Holdings, Inc.",2008
146,0000742814,TELEMETRIX INC,2008
845,0001341853,Lehman Brothers Holdings E-Capital Trust I,2008
804,0001311803,Propex Inc.,2008
880,0001366913,Linens Holding Co.,2008
704,0001171017,SOUTHERN COMMUNITY BANCSHARES INC /GA,2009
65,0001003515,Hines Horticulture Inc,2009
567,0001093273,MAGNA ENTERTAINMENT CORP,2009
825,0001330340,"Platinum Research Organization, Inc.",2009
63,0001323770,Pacific Energy Resources Ltd,2009
436,0001023052,Linens Holding Co.,2009
573,0001096339,SARATOGA RESOURCES INC /TX,2009
431,0001021010,EDGE PETROLEUM CORP,2009
698,0001167880,"PANDA ETHANOL, INC.",2009
150,0000750199,ENERGY PARTNERS LTD,2009
58,0001079797,New Century Energy Corp,2009
865,0001356505,"Surfect Holdings, Inc",2009
424,0001018099,MILLENNIUM CHEMICALS INC,2009
786,0001300744,SKINS INC.,2009
56,0001034258,Noble International Ltd,2009
408,0001011509,APEX SILVER MINES LTD,2009
708,0001172678,TEMECULA VALLEY BANCORP INC,2009
706,0001171825,CIT GROUP INC,2009
723,0001202963,ENERGYTEC INC,2009
366,0000943320,TRUMP ENTERTAINMENT RESORTS FUNDING INC,2009
367,0000943322,TRUMP ENTERTAINMENT RESORTS FUNDING INC,2009
369,0000943605,SOURCE INTERLINK COMPANIES INC,2009
890,0001375083,"Meruelo Maddux Properties, Inc.",2009
870,0001359555,ICO Global Communications (Holdings) LTD,2009
161,0000770471,"Titan Global Holdings, Inc.",2009
43,0000052617,IRWIN FINANCIAL CORP,2009
714,0001176193,"APPLIED SOLAR, INC.",2009
378,0000946283,LMIC INC,2009
78,0001125052,HALO Technology Holdings Inc,2009
957,0001404438,"Primus Telecommunications IHC, Inc.",2009
383,0000948844,"PROLIANCE INTERNATIONAL, INC.",2009
387,0001000285,SOLUTION TECHNOLOGY INTERNATIONAL INC,2009
388,0001000368,FIRSTPLUS FINANCIAL GROUP INC,2009
816,0001322705,Spansion Inc.,2009
156,0000759153,PARTICLE DRILLING TECHNOLOGIES INC/NV,2009
392,0001002902,VELOCITY EXPRESS CORP,2009
394,0001004740,CAPITAL CORP OF THE WEST,2009
578,0001097081,1ST CENTENNIAL BANCORP,2009
399,0001006837,"Primus Telecommunications IHC, Inc.",2009
72,0001094026,ART Advanced Research Techno,2009
888,0001372791,"WSB Financial Group, Inc.",2009
821,0001328910,TRONOX INC,2009
539,0001081158,EQUISTAR CHEMICALS LP,2009
830,0001333291,"Triple Crown Media, Inc.",2009
863,0001352045,"Basin Water, Inc.",2009
445,0001025707,"INCENTRA SOLUTIONS, INC.",2009
552,0001086385,PANOLAM INDUSTRIES INTERNATIONAL INC,2009
550,0001085475,CCH II CAPITAL CORP,2009
39,0000888693,ISCO International Inc.,2009
500,0001059677,"Industrial Enterprises of America, Inc.",2009
655,0001133754,"Teleplus World, Corp.",2009
504,0001061580,UCBH HOLDINGS INC,2009
53,0000072911,NORTEL NETWORKS CORP,2009
548,0001085129,"ZEALOUS, INC.",2009
509,0001063262,MEGA MEDIA GROUP INC,2009
654,0001133494,FOOTHILLS RESOURCES INC,2009
120,0000357097,ISOLAGEN INC,2009
661,0001137469,"NOVA BIOSOURCE FUELS, INC.",2009
119,0000356830,OSCIENT PHARMACEUTICALS CORP,2009
848,0001343202,VERASUN ENERGY CORP,2009
854,0001346685,Sterling Mining CO,2009
650,0001132487,AMERICHIP INTERNATIONAL INC,2009
980,0001425319,"Otter Tail Ag Enterprises, LLC",2009
527,0001074436,"a21, Inc.",2009
33,0001237941,Hayes Lemmerz International,2009
31,0000825692,Caraustar Industries Inc,2009
30,0000877355,LandAmerica Financial Group,2009
534,0001078203,"Stamford Industrial Group, Inc.",2009
542,0001082484,TEAM FINANCIAL INC /KS,2009
111,0000352079,TVI CORP,2009
516,0001068660,Knight Energy Corp.,2009
126,0000713492,CHAD THERAPEUTICS INC,2009
861,0001351379,TRANSMERIDIAN EXPLORATION INC,2009
130,0000716823,MILACRON INC,2009
97,0000314132,FLEETWOOD ENTERPRISES INC/DE/,2009
448,0001027702,"EPIX Pharmaceuticals, Inc.",2009
449,0001028985,"Spectrum Brands, Inc.",2009
66,0000088095,SEA CONTAINERS LTD /NY/,2009
453,0001030339,NANOGEN INC,2009
674,0001145202,MRU HOLDINGS INC,2009
457,0001034258,"NOBLE INTERNATIONAL, LTD.",2009
832,0001334872,Cape Fear Bank CORP,2009
673,0001145061,"Global Energy Holdings Group, Inc.",2009
462,0001038217,TARRAGON CORP,2009
669,0001141395,"NexHorizon Communications, Inc.",2009
559,0001091862,Chemtura CORP,2009
136,0000723371,HARTMARX CORP/DE,2009
558,0001091667,CHARTER COMMUNICATIONS INC /MO/,2009
886,0001368883,SAN JOAQUIN BANCORP,2009
841,0001340744,Altus Pharmaceuticals Inc.,2009
666,0001138862,ARBIOS SYSTEMS INC,2009
665,0001138659,"NEPTUNE INDUSTRIES, INC.",2009
975,0001421481,"FUTUREIT, INC.",2009
132,0000719662,SONA MOBILE HOLDINGS CORP,2009
131,0000718007,"DELSITE, INC.",2009
45,0000933157,Aurora Oil & Gas Corp,2009
663,0001138173,SHEARSON FINANCIAL NETWORK INC,2009
21,0000793586,Waterford Wedgwood PLC,2009
486,0001048566,FOG CUTTER CAPITAL GROUP INC,2009
442,0001024109,Crusader Energy Group Inc.,2009
167,0000773937,SEREFEX CORP,2009
790,0001302502,Pacific Coast National Bancorp,2009
385,0000949876,NORTH AMERICAN SCIENTIFIC INC,2009
307,0000898660,STATION CASINOS INC,2009
608,0001109279,TVIA INC,2009
770,0001288946,SOUTH TEXAS OIL CO,2009
312,0000902281,ELECTROGLAS INC,2009
7,0000013156,SECURED DIVERSIFIED INVESTMENT LTD,2009
315,0000909326,ASYST TECHNOLOGIES INC,2009
807,0001314077,"BPI Energy Holdings, Inc.",2009
317,0000910619,MONACO COACH CORP /DE/,2009
624,0001119664,NORTEL NETWORKS LTD,2009
752,0001279676,PRIMUS TELECOMMUNICATIONS HOLDING INC,2009
610,0001111335,VISTEON CORP,2009
258,0000861955,CIB MARINE BANCSHARES INC,2009
614,0001113247,BEARINGPOINT INC,2009
794,0001304588,Espre Solutions Inc,2009
323,0000912241,PROGRESSIVE GAMING INTERNATIONAL CORP,2009
736,0001237941,HAYES LEMMERZ INTERNATIONAL INC,2009
325,0000912908,FOAMEX INTERNATIONAL INC.,2009
7,0000829499,Interstate Bakeries Corp,2009
269,0000877355,LANDAMERICA FINANCIAL GROUP INC,2009
922,0001393066,AbitibiBowater Inc.,2009
302,0000895648,GENERAL GROWTH PROPERTIES INC,2009
210,0000819551,ILX RESORTS INC,2009
3,0000004707,AMERICA CAPITAL CORP,2009
207,0000815508,BIOPURE CORP,2009
206,0000814068,CHAMPION ENTERPRISES INC,2009
289,0000888693,ISCO INTERNATIONAL INC,2009
748,0001271833,CCO HOLDINGS LLC,2009
291,0000889992,"Forticell BioScience, Inc.",2009
802,0001311396,"Aviza Technology, Inc.",2009
874,0001362614,Barzel Industries Inc.,2009
293,0000891504,"TAPESTRY PHARMACEUTICALS, INC",2009
359,0000933157,Aurora Oil & Gas CORP,2009
747,0001270597,MERISANT CO,2009
600,0001107601,ATHEROGENICS INC,2009
622,0001117458,O2DIESEL CORP,2009
203,0000812708,WELLMAN INC,2009
272,0000878731,FINLAY ENTERPRISES INC /DE,2009
213,0000825692,CARAUSTAR INDUSTRIES INC,2009
22,0000029806,CONSTAR INTERNATIONAL INC,2009
294,0000892535,THORNBURG MORTGAGE INC,2009
253,0000858558,READERS DIGEST ASSOCIATION INC,2009
189,0000802301,SILICON GRAPHICS INC,2009
753,0001279831,GIGABEAM CORP,2009
12,0000019731,CHESAPEAKE CORP /VA/,2009
628,0001121785,SLS INTERNATIONAL INC,2009
170,0000778164,"Pacific Ethanol, Inc.",2009
228,0000840256,VINEYARD NATIONAL BANCORP,2009
85,0001236309,Luminent Mortgage Capital In,2009
345,0000925464,SECURITY BANK CORP,2009
13,0000021438,"THINKENGINE NETWORKS, INC.",2009
735,0001236309,LUMINENT MORTGAGE CAPITAL INC,2009
588,0001102542,SCO GROUP INC,2009
785,0001299966,"PRB Energy, Inc.",2009
351,0000929144,YOUNG BROADCASTING INC /DE/,2009
784,0001299716,U.S. Shipping Partners L.P.,2009
227,0000840216,CALIFORNIA COASTAL COMMUNITIES INC,2009
239,0000847555,"IdentiPHI, Inc.",2009
729,0001216596,NORTEK INC,2009
245,0000854171,"GLOBAL AIRCRAFT SOLUTIONS, INC.",2009
246,0000854709,DAYTON SUPERIOR CORP,2009
237,0000845879,CHARYS HOLDING CO INC,2009
233,0000842635,LYONDELL CHEMICAL CO,2009
342,0000923529,COOPERATIVE BANKSHARES INC,2009
793,0001304366,Community Bancorp,2009
174,0000786765,BUTLER INTERNATIONAL INC /MD/,2009
232,0000842162,LEAR CORP,2009
92,0001291983,Baseline Oil & Gas Corp,2009
810,0001318035,"NTK Holdings, Inc.",2009
338,0000920947,NORTHFIELD LABORATORIES INC /DE/,2009
176,0000790414,GOTTSCHALKS INC,2009
876,0001363346,Greenville Tube CO,2009
333,0000919226,SMURFIT STONE CONTAINER CORP,2009
774,0001291983,Baseline Oil & Gas Corp.,2009
592,0001104161,IMPART MEDIA GROUP INC,2009
543,0001083036,ELECTRONIC GAME CARD INC,2010
998,0001439600,"Local Insight Regatta Holdings, Inc.",2010
4,0000314132,Fleetwood Enterprises Inc.,2010
532,0001076930,GSI GROUP INC,2010
481,0001047153,CERTIFIED DIABETIC SERVICES INC,2010
275,0000878808,FIRSTGOLD CORP.,2010
273,0000878774,AMERICAN MORTGAGE ACCEPTANCE CO,2010
621,0001116694,CAPITAL GROWTH SYSTEMS INC /FL/,2010
851,0001345968,"EBHI Holdings, Inc.",2010
647,0001131072,TETON ENERGY CORP,2010
800,0001310527,"Anpath Group, Inc.",2010
799,0001310094,ACCENTIA BIOPHARMACEUTICALS INC,2010
36,0000910655,National R.V. Holdings Inc.,2010
526,0001073429,US CONCRETE INC,2010
510,0001063537,NUTRACEA,2010
37,0000911149,Micro Component Tech,2010
250,0000855667,"NEENAH ENTERPRISES, INC.",2010
547,0001084887,W HOLDING CO INC,2010
248,0000855372,ECO2 PLASTICS INC,2010
123,0000701374,"SIX FLAGS, INC.",2010
771,0001289370,MetaMorphix Inc.,2010
796,0001305748,HEALTHCARE PROVIDERS DIRECT INC.,2010
551,0001085734,BLOCKBUSTER INC,2010
103,0000318259,"MDI, INC.",2010
520,0001070510,SARS CORP.,2010
875,0001362659,"TETRAGENEX PHARMACEUTICALS, INC.",2010
127,0000714756,AMCORE FINANCIAL INC,2010
15,0000023341,CONGOLEUM CORP,2010
644,0001129695,"BioAuthorize Holdings, Inc.",2010
764,0001285043,AVENTINE RENEWABLE ENERGY HOLDINGS INC,2010
129,0000716457,FRONTIER FINANCIAL CORP /WA/,2010
782,0001296595,CROSS CANYON ENERGY CORP.,2010
763,0001284453,VISUAL MANAGEMENT SYSTEMS INC,2010
42,0000943320,Trump Entertainment Resorts,2010
766,0001287151,XERIUM TECHNOLOGIES INC,2010
488,0001050112,ANTHRACITE CAPITAL INC,2010
968,0001410402,FX Real Estate & Entertainment Inc.,2010
1008,0001454238,"Protective Products of America, Inc.",2010
739,0001239819,LUNA INNOVATIONS INC,2010
16,0000310316,Canargo Energy Corp,2010
93,0000310316,CANARGO ENERGY CORP,2010
26,0000030419,R H DONNELLEY CORP,2010
208,0000817979,ACCURIDE CORP,2010
587,0001101661,SONORAN ENERGY INC,2010
959,0001405419,GULFSTREAM INTERNATIONAL GROUP INC,2010
405,0001010610,TLC VISION CORP,2010
326,0000913015,REGENT COMMUNICATIONS INC,2010
327,0000913665,TERRESTAR CORP,2010
80,0001276721,Advanced Accessory Holdings,2010
950,0001402364,"Ultimate Escapes, Inc.",2010
728,0001211805,TOPSPIN MEDICAL INC,2010
154,0000758256,Saint James CO,2010
393,0001003429,REUNION INDUSTRIES INC,2010
341,0000923473,PALM HARBOR HOMES INC /FL/,2010
812,0001320461,Cooper-Standard Holdings Inc.,2010
386,0001000234,"IMPERIAL CAPITAL BANCORP, INC.",2010
384,0000949228,BEACH FIRST NATIONAL BANCSHARES INC,2010
382,0000947425,PROFESSIONAL VETERINARY PRODUCTS LTD /NE/,2010
42,0000051939,CORUS BANKSHARES INC,2010
711,0001174527,CITADEL BROADCASTING CORP,2010
87,0001308833,Fraser Papers Inc,2010
373,0000944522,VION PHARMACEUTICALS INC,2010
720,0001180743,"CERAGENIX PHARMACEUTICALS, INC.",2010
421,0001016900,PNG VENTURES INC,2010
348,0000926617,"VERMILLION, INC.",2010
422,0001016933,R&G FINANCIAL CORP,2010
309,0000899166,"POINT BLANK SOLUTIONS, INC.",2010
751,0001276476,MORRIS PUBLISHING GROUP LLC,2010
50,0000932110,Kitty Hawk Inc,2010
670,0001143566,EVERGREENBANCORP INC,2010
51,0001022080,Midway Games Inc.,2010
79,0000104599,CIRCUIT CITY STORES INC,2010
969,0001410637,"RHI Entertainment, Inc.",2010
67,0000092339,COLONIAL BANCGROUP INC,2010
681,0001157443,"nCoat, Inc.",2010
447,0001026304,BUCKHEAD COMMUNITY BANCORP INC,2010
96,0000313395,TXCO Resources Inc,2010
686,0001160294,HERBST GAMING INC,2010
310,0000899647,RIVIERA HOLDINGS CORP,2010
826,0001330487,CHEM RX CORP,2010
923,0001393614,"Kentucky USA Energy, Inc.",2010
199,0000810536,FIRSTFED FINANCIAL CORP,2010
435,0001022974,DGI RESOLUTION INC,2010
691,0001164554,EUROBANCSHARES INC,2010
824,0001329605,PLATINUM ENERGY RESOURCES INC,2010
823,0001329184,"Chartwell International, Inc.",2010
1005,0001452206,"Ad Systems Communications, Inc.",2010
428,0001019883,APPALACHIAN BANCSHARES INC,2010
198,0000810332,MESA AIR GROUP INC,2010
570,0001095751,"SKYE INTERNATIONAL, INC",2010
34,0000038570,ORLEANS HOMEBUILDERS INC,2010
690,0001163958,MEDICAL STAFFING NETWORK HOLDINGS INC,2010
350,0000928800,KH FUNDING CO,2010
1006,0001452384,"SEAHAWK DRILLING, INC.",2011
603,0001108730,PUBLIC MEDIA WORKS INC,2011
852,0001346222,FIRST UNITED ETHANOL LLC,2011
64,0000084919,"RCLC, INC.",2011
1,0000009779,Fairchild Corp. (The),2011
871,0001360214,TRANSDEL PHARMACEUTICALS INC,2011
576,0001096560,SULPHCO INC,2011
2,0000029806,Constar International Inc,2011
569,0001094572,"ICOP DIGITAL, INC",2011
562,0001092302,JAVO BEVERAGE CO INC,2011
102,0000317477,COMPOSITE TECHNOLOGY CORP,2011
589,0001103078,RASER TECHNOLOGIES INC,2011
10,0000077155,Penn Traffic Co,2011
73,0000097052,TELTRONICS INC,2011
28,0000051939,CORUS Bankshares Inc,2011
797,0001309126,"Money Tree, Inc.",2011
21,0000027960,QSGI INC.,2011
416,0001014653,PROFILE TECHNOLOGIES INC,2011
961,0001406081,Guaranty Financial Group Inc.,2011
822,0001329068,NewPage CORP,2011
66,0000759153,Particle Drilling Technologi,2011
759,0001283552,JACKSON HEWITT TAX SERVICE INC,2011
157,0000764241,INTEGRA BANK CORP,2011
381,0000947397,EVERGREEN SOLAR INC,2011
79,0001132645,Transmeridian Exploration In,2011
364,0000940510,BORDERS GROUP INC,2011
279,0000883697,REGEN BIOLOGICS INC,2011
37,0000040730,Motors Liquidation Co,2011
2,0000004515,AMERICAN AIRLINES INC,2011
82,0001163958,Medical Staffing Network Hol,2011
84,0001145238,InSight Health Services Hold,2011
86,0001289871,MPC Corp,2011
813,0001321099,"DigitalPost Interactive, Inc.",2011
72,0000096638,ADVANTA CORP,2011
94,0001145061,Global Energy Holdings Group,2011
96,0001333291,Triple Crown Media Inc,2011
103,0001406081,Guaranty Financial Group Inc,2011
196,0000806817,JENNIFER CONVERTIBLES INC,2011
110,0001283552,Jackson Hewitt Tax Service I,2011
693,0001165921,LAW ENFORCEMENT ASSOCIATES CORP,2011
148,0000744962,NUTRITION 21 INC,2011
688,0001161924,"MiddleBrook Pharmaceuticals, Inc.",2011
530,0001076462,ALPHATRADE COM,2011
35,0000902281,Electroglas Inc,2011
514,0001065298,SUPERIOR BANCORP,2011
507,0001062613,FAIRPOINT COMMUNICATIONS INC,2011
9,0000016104,CAGLES INC,2011
773,0001289871,MPC CORP,2011
40,0000925178,Movie Gallery Inc,2011
842,0001340752,"Molecular Insight Pharmaceuticals, Inc.",2011
660,0001137239,AMERICAS ENERGY Co - AECO,2011
48,0000058592,4 KIDS ENTERTAINMENT INC,2011
768,0001287900,RANCHER ENERGY CORP.,2011
43,0000923473,Palm Harbor Homes Inc,2011
490,0001051379,MIDWEST BANC HOLDINGS INC,2011
48,0001115552,Haemacure Corp,2011
470,0001043156,STAR BUFFET INC,2011
840,0001338949,"Majestic Capital, Ltd.",2011
467,0001042418,COMMONWEALTH BIOTECHNOLOGIES INC,2011
675,0001145238,INSIGHT HEALTH SERVICES HOLDINGS CORP,2011
831,0001334127,"Harry & David Holdings, Inc.",2011
772,0001289480,"Real Mex Restaurants, Inc.",2011
54,0001072765,Interdent Inc,2011
684,0001160084,LOCATEPLUS HOLDINGS CORP,2011
685,0001160165,"ShengdaTech, Inc.",2011
44,0001051379,Midwest Banc Holdings Inc,2011
1024,0001490930,"Digital Domain Media Group, Inc.",2012
1018,0001479920,TBS International plc,2012
749,0001274563,HELICOS BIOSCIENCES CORP,2012
616,0001114605,AMERICAN SCIENTIFIC RESOURCES INC,2012
746,0001268984,REDDY ICE HOLDINGS INC,2012
710,0001173738,CDEX INC,2012
740,0001253710,"CANO PETROLEUM, INC",2012
900,0001382805,"Game Trading Technologies, Inc.",2012
934,0001397867,Global Aviation Holdings Inc.,2012
896,0001377720,CYBERDEFENDER CORP,2012
893,0001376812,Patriot Coal CORP,2012
992,0001434893,CURAXIS PHARMACEUTICAL Corp,2012
705,0001171032,BAKERS FOOTWEAR GROUP INC,2012
697,0001167178,"A123 SYSTEMS, INC.",2012
1002,0001448064,"RoomStore, Inc.",2012
632,0001123647,ATP OIL & GAS CORP,2012
1001,0001443799,General Maritime Corp / MI,2012
656,0001134016,MIDWEST GENERATION LLC,2012
843,0001341293,Neogenix Oncology Inc,2012
882,0001367387,Exterra Energy Inc.,2012
1017,0001477961,"Latitude Solutions, Inc.",2012
694,0001166291,PINNACLE AIRLINES CORP,2012
0,0000276750,Amber Resources Company of C,2012
452,0001030058,WORLDGATE COMMUNICATIONS INC,2012
495,0001056756,NBC ACQUISITION CORP,2012
474,0001045014,GAMETECH INTERNATIONAL INC,2012
47,0000921549,Trico Marine Services Inc,2012
464,0001039184,TRAILER BRIDGE INC,2012
55,0001039184,Trailer Bridge Inc,2012
57,0001253710,Cano Petroleum Inc,2012
117,0000356591,NEUROLOGIX INC/DE,2012
115,0000355356,IMPERIAL PETROLEUM INC,2012
69,0001076770,CDC Corp,2012
244,0000853695,DRI CORP,2012
93,0001479920,TBS International Plc,2012
254,0000859475,TRIDENT MICROSYSTEMS INC,2012
404,0001010286,FiberTower CORP,2012
380,0000946842,AMBASSADORS INTERNATIONAL INC,2012
34,0000892535,TMST Inc,2012
267,0000874501,AMBAC FINANCIAL GROUP INC,2012
86,0000216039,GRUBB & ELLIS CO,2012
58,0000075208,OVERSEAS SHIPHOLDING GROUP INC,2012
374,0000944725,UNITED WESTERN BANCORP INC,2012
371,0000944136,"TC GLOBAL, INC.",2012
358,0000933136,"WASHINGTON MUTUAL, INC",2012
47,0000058361,"LEE ENTERPRISES, INC",2012
14,0000022551,TRI VALLEY CORP,2012
46,0000057055,KV PHARMACEUTICAL CO /DE/,2012
324,0000912365,EVERGREEN ENERGY INC,2012
27,0000031235,EASTMAN KODAK CO,2012
29,0000032878,ENERGY CONVERSION DEVICES INC,2012
290,0000889423,SATCON TECHNOLOGY CORP,2012
38,0000043300,GREAT ATLANTIC & PACIFIC TEA CO INC,2012
301,0000895642,ENER1 INC,2012
91,0000276750,AMBER RESOURCES CO OF COLORADO,2012
27,0000097052,Teltronics Inc,2012
298,0000894490,BANKUNITED FINANCIAL CORP,2012
194,0000806085,LEHMAN BROTHERS HOLDINGS INC,2012
211,0000821483,PAR PETROLEUM CORP/CO,2012
225,0000839441,IMAGENETIX INC /NV/,2012
11,0000084919,Ronson Corp,2012
138,0000724742,SYMS CORP,2012
142,0000731859,AMPAL-AMERICAN ISRAEL CORP,2012
6,0000043300,Great Atlantic & Pacific Tea,2012
20,0000744962,Nutrition 21 Inc,2012
220,0000831246,FRANKLIN CREDIT HOLDING CORP/DE/,2012
590,0001103345,BEACON POWER CORP,2012
594,0001104358,BROADVIEW NETWORKS HOLDINGS INC,2012
212,0000821536,HUSA Liquidating Corp,2012
3,0000032878,Energy Conversion Devices In,2012
24,0000810536,FirstFed Financial Corp,2012
595,0001105055,"DYNEGY HOLDINGS, LLC",2012
5,0000039273,Frozen Food Express Industri,2013
400,0001009833,GABRIEL TECHNOLOGIES CORP,2013
205,0000813781,EXIDE TECHNOLOGIES,2013
769,0001288359,OTELCO INC.,2013
263,0000867687,"AMERICA WEST RESOURCES, INC.",2013
283,0000885551,VALENCE TECHNOLOGY INC,2013
100,0001325118,Parent Co (The),2013
265,0000870398,SBM CERTIFICATE CO,2013
99,0001401106,MF Global Holdings Ltd,2013
98,0000314606,GEOKINETICS INC,2013
318,0000911002,LODGENET INTERACTIVE CORP,2013
1027,0001503813,RDA Holding Co.,2013
260,0000865570,THQ INC,2013
829,0001332412,"VALLEY FORGE COMPOSITE TECHNOLOGIES, INC.",2013
828,0001331427,"AgFeed Industries, Inc.",2013
713,0001175108,ROTECH HEALTHCARE INC,2013
197,0000810208,"AuraSound, Inc.",2013
159,0000764897,Banyan Rail Services Inc.,2013
716,0001177070,MOUNTAIN NATIONAL BANCSHARES INC,2013
281,0000885322,ANCHOR BANCORP WISCONSIN INC,2013
83,0001166291,Pinnacle Airlines Corp,2013
375,0000944739,TRANSWITCH CORP /DE,2013
17,0000025354,CPI CORP,2013
1050,0001556739,"DEX MEDIA, INC.",2013
883,0001367396,SUPERMEDIA INC.,2013
724,0001205181,IMAGING3 INC,2013
362,0000935724,PMI GROUP INC,2013
4,0000006201,AMR CORP,2013
625,0001120830,"China Natural Gas, Inc.",2013
518,0001068912,FIRST PLACE FINANCIAL CORP /DE/,2013
417,0001014763,AMARILLO BIOSCIENCES INC,2013
77,0001113668,Education Holdings 1 Inc,2013
242,0000852570,GLOBAL AXCESS CORP,2013
671,0001144834,"CIL&D, LLC",2013
112,0000352747,UNIGENE LABORATORIES INC,2013
792,0001303849,"Avantair, Inc",2013
125,0000704384,BIOVEST INTERNATIONAL INC,2013
46,0001004969,PFF Bancorp Inc.,2013
480,0001046880,CENTRAL EUROPEAN DISTRIBUTION CORP,2013
41,0000726990,AmericanWest BanCorp,2013
494,0001055454,SCHOOL SPECIALTY INC,2013
38,0000911002,LodgeNet Interactive Corp,2013
531,0001076700,"KIT digital, Inc.",2013
32,0000797448,Verso Technologies Inc,2013
788,0001301206,"ECOTALITY, INC.",2013
25,0000835540,B&H Ocean Carriers Ltd,2013
1045,0001551510,"Revel AC, Inc.",2013
17,0000314606,Geokinetics Inc,2013
676,0001156216,Colorado 2001D Limited Partnership,2013
844,0001341843,"POLYMEDIX, INC",2013
678,0001156220,Colorado 2001C Limited Partnership,2013
75,0001098315,GeoPharma Inc,2013
947,0001401106,MF Global Holdings Ltd.,2013
74,0001094320,Jesup & Lamont Inc,2013
439,0001023362,POWERWAVE TECHNOLOGIES INC,2013
73,0001095471,GuildMaster Inc,2013
677,0001156218,Colorado 2001B Limited Partnership,2013
444,0001024452,SMF Energy Liquidating Trust,2013
218,0000830741,"VHGI HOLDINGS, INC.",2013
243,0000852766,"YTB International, Inc.",2013
140,0000726990,AMERICANWEST BANCORPORATION,2013
59,0001046578,TOUSA Inc,2013
744,0001262751,GRYPHON GOLD CORP,2013
1004,0001451951,FriendFinder Networks Inc.,2013
134,0000722104,SAVIENT PHARMACEUTICALS INC,2014
817,0001324759,Cereplast Inc,2014
818,0001326200,GENCO SHIPPING & TRADING LTD,2014
191,0000804154,LITHIUM TECHNOLOGY CORP,2014
750,0001275712,"GSE Holding, Inc.",2014
781,0001296391,TENGION INC,2014
229,0000840264,CAPITOL BANCORP LTD,2014
144,0000739878,"KID BRANDS, INC",2014
864,0001355128,OCZ TECHNOLOGY GROUP INC,2014
613,0001112412,ENDEAVOUR INTERNATIONAL CORP,2014
783,0001297720,James River Coal CO,2014
40,0000050957,"FBI WIND DOWN, INC.",2014
95,0000312065,FLORIDA GAMING CORP,2014
885,0001368218,"Tootie Pie Company, Inc.",2014
838,0001337885,"dELiAs, Inc.",2014
118,0000356708,FIRST REGIONAL BANCORP,2014
715,0001176325,Skinny Nutritional Corp.,2014
679,0001156221,Colorado 2001A Limited Partnership,2014
958,0001405041,Momentive Performance Materials Inc.,2014
960,0001405424,VISION INDUSTRIES CORP,2014
456,0001031999,Eastern 1996D Limited Partnership,2014
53,0001018005,Coldwater Creek Inc,2014
971,0001418862,Kior Inc,2014
468,0001042582,Eastern 1997D Limited Partnership,2014
475,0001045309,W R GRACE & CO,2014
483,0001047919,AMBIENT CORP /NY,2014
498,0001058767,BIOMODA INC/NM,2014
513,0001065059,USEC INC,2014
423,0001018005,COLDWATER CREEK INC,2014
993,0001436164,"Oryon Technologies, Inc.",2014
641,0001127362,Colorado 2000D Limited Partnership,2014
640,0001127360,Colorado 2000C Limited Partnership,2014
639,0001127358,Colorado 2000B Limited Partnership,2014
638,0001127342,GMX RESOURCES INC,2014
9,0000312065,Florida Gaming Corp,2014
568,0001093942,CO & PA 1999D Limited Partnership,2014
1016,0001476719,"Crumbs Bake Shop, Inc.",2014
583,0001100202,LENCO MOBILE INC.,2014
1031,0001514443,"HEALTH REVENUE ASSURANCE HOLDINGS, INC.",2014
618,0001116112,US FUEL CORP,2014
537,0001080504,Eastern 1998D Limited Partnership,2014
97,0000896842,OSH 1 Liquidating Corp,2014
815,0001322439,Eagle Bulk Shipping Inc.,2014
931,0001396838,Dolan Co.,2014
415,0001014052,"Digerati Technologies, Inc.",2014
730,0001224923,Colorado 2002A Limited Partnership,2014
732,0001230355,"BAXANO SURGICAL, INC.",2014
921,0001392477,XTREME GREEN PRODUCTS INC.,2014
353,0000930835,EDISON MISSION ENERGY,2014
107,0001506932,Lone Pine Resources Inc,2014
25,0000030302,ALCO STORES INC,2014
377,0000946090,FIRST MARINER BANCORP,2014
102,0001405419,Gulfstream International Gro,2014
305,0000896842,OSH 1 LIQUIDATING Corp,2014
709,0001173313,"ECOLOGY COATINGS, INC.",2014
365,0000941020,GENELINK INC,2014
39,0000049534,LIFE PARTNERS HOLDINGS INC,2015
903,0001383960,"UNIVERSITY GENERAL HEALTH SYSTEM, INC.",2015
1020,0001487920,USA Synthetic Fuel Corp,2015
1014,0001475899,Sable Natural Resources Corp,2015
23,0000029834,Escalera Resources Co.,2015
1007,0001452476,"Sebring Software, Inc.",2015
141,0000728249,INTERPHASE CORP,2015
13,0000093456,Standard Register Co (The),2015
1028,0001508677,Colt Defense LLC,2015
892,0001376610,Allied Nevada Gold Corp.,2015
837,0001336545,"AMERICAN APPAREL, INC",2015
22,0000813781,Exide Technologies,2015
859,0001349976,American Standard Energy Corp.,2015
81,0001137204,Hipcricket Inc,2015
101,0001230355,Baxano Surgical Inc,2015
67,0001066134,Corinthian Colleges Inc.,2015
105,0000826773,UniTek Global Services Inc,2015
895,0001377053,AtheroNova Inc.,2015
834,0001335190,MAGNUM HUNTER RESOURCES CORP,2015
924,0001393631,Xhibit Corp.,2015
71,0000096289,RADIOSHACK CORP,2015
68,0000093456,STANDARD REGISTER CO,2015
986,0001431888,"AVT, Inc.",2015
877,0001364100,"Cal Dive International, Inc.",2015
108,0001418862,KiOR Inc,2015
111,0001092839,Dune Energy Inc,2015
121,0000357108,ISC8 INC. /DE,2015
33,0000038079,SABINE OIL & GAS CORP,2015
1037,0001532543,"EveryWare Global, Inc.",2015
757,0001282613,AMERICAN EAGLE ENERGY Corp,2015
223,0000837173,"Walter Energy, Inc.",2015
230,0000840889,DORAL FINANCIAL CORP,2015
241,0000851726,Santa Fe Gold CORP,2015
599,0001107332,DENDREON CORP,2015
659,0001137204,"HIPCRICKET, INC.",2015
252,0000858395,"CAESARS ENTERTAINMENT OPERATING COMPANY, INC.",2015
349,0000928375,Dutch Gold Resources Inc,2015
259,0000863456,WET SEAL INC,2015
585,0001100592,"ASSURED PHARMACY, INC.",2015
503,0001060990,QUICKSILVER RESOURCES INC,2015
633,0001124024,FAR EAST ENERGY CORP,2015
742,0001259550,LOCAL Corp,2015
635,0001124608,RESPONSE GENETICS INC,2015
538,0001081074,"Armada Oil, Inc.",2015
565,0001092839,DUNE ENERGY INC,2015
460,0001037016,NII HOLDINGS INC,2015
419,0001015979,Bio Nitrogen Holdings Corp,2015
756,0001282543,AFFIRMATIVE INSURANCE HOLDINGS INC,2015
215,0000826773,"UniTek Global Services, Inc.",2015
811,0001319009,Midway Gold Corp,2015
803,0001311486,Global Geophysical Services Inc,2015
440,0001023734,"BPZ RESOURCES, INC.",2015
64,0001556739,Dex Media Inc,2016
683,0001159154,REPUBLIC AIRWAYS HOLDINGS INC,2016
332,0000919013,WAVE SYSTEMS CORP,2016
438,0001023291,Energy Future Competitive Holdings Co LLC,2016
737,0001238289,ATLAS AMERICA PUBLIC #12-2003 Limited Partnership,2016
906,0001385228,"BIND Therapeutics, Inc",2016
987,0001432985,Atlas Resources Public #18-2009 (B) L.P.,2016
988,0001432987,Atlas Resources Public #18-2008 (A) L.P.,2016
989,0001433833,Atlas Resources Public #18-2009 (C) L.P.,2016
26,0001555492,Fairway Group Holdings Corp,2016
910,0001385544,Horsehead Holding Corp,2016
897,0001379763,Atlas America Series 27-2006 L.P.,2016
649,0001132143,LEGEND INTERNATIONAL HOLDINGS INC,2016
68,0001060990,Quicksilver Resources Inc,2016
295,0000892986,WARREN RESOURCES INC,2016
70,0000319156,Cubic Energy Inc,2016
286,0000887150,HAMPSHIRE GROUP LTD,2016
754,0001281922,Triangle Petroleum Corp,2016
889,0001374985,Atlas Resources Public #16-2007 (A) L.P.,2016
19,0000753048,Axion International Holdings,2016
1068,0001615817,C&J Energy Services Ltd.,2016
340,0000922475,ITT EDUCATIONAL SERVICES INC,2016
432,0001021096,ROOMLINX INC,2016
682,0001157516,ATLAS AMERICA PUBLIC #10 LTD.,2016
699,0001168213,AEROPOSTALE INC,2016
91,0001301063,Alpha Natural Resources Inc,2016
88,0001297720,James River Coal Co,2016
461,0001037676,ARCH COAL INC,2016
972,0001419428,Vantage Drilling CO,2016
974,0001421182,Verso Corp,2016
929,0001394954,GT Advanced Technologies Inc.,2016
1069,0001623595,"Atlas Energy Group, LLC",2016
696,0001166380,"QUANTUM FUEL SYSTEMS TECHNOLOGIES WORLDWIDE, INC.",2016
1067,0001613011,Code Rebel Corp,2016
169,0000776008,"ROCK CREEK PHARMACEUTICALS, INC.",2016
941,0001399541,Atlas Resources Public #17-2008 (B) L.P.,2016
403,0001010086,SIGA TECHNOLOGIES INC,2016
977,0001422109,"Blue Earth, Inc.",2016
18,0000314712,Boomerang Systems Inc,2016
712,0001175028,ATLAS AMERICA PUBLIC #11-2002 LTD.,2016
978,0001424328,MULTIMEDIA PLATFORMS INC.,2016
376,0000945436,"SUNEDISON, INC.",2016
370,0000943861,GOODRICH PETROLEUM CORP,2016
942,0001399542,Atlas Resources Public #17-2007 (A) L.P.,2016
1064,0001594590,PARAGON OFFSHORE PLC,2016
1049,0001555492,Fairway Group Holdings Corp,2016
657,0001135906,"EPIRUS Biopharmaceuticals, Inc.",2016
966,0001410056,"GreenHunter Resources, Inc.",2016
106,0001452476,Sebring Software Inc,2016
827,0001330849,"HERCULES OFFSHORE, INC.",2016
109,0000351817,SWIFT ENERGY CO,2016
853,0001346526,"ESP Resources, Inc.",2016
1046,0001553588,"SFX Entertainment, INC",2016
776,0001293310,KALOBIOS PHARMACEUTICALS INC,2016
850,0001343719,Energy XXI Ltd,2016
777,0001294208,ATLAS AMERICA SERIES 25-2004 (B) L.P.,2016
846,0001342514,Atlas America Series 26-2005 L.P.,2016
780,0001294476,Atlas America Public #14-2004 L.P.,2016
236,0000844985,POSITRON CORP,2016
787,0001301063,"Alpha Natural Resources, Inc.",2016
839,0001338095,"NephroGenex, Inc.",2016
1059,0001581312,"Core Resource Management, Inc.",2016
836,0001336339,Atlas America Public #14-2005 (A) L.P.,2016
835,0001335236,Atlas America Public #15-2005 (A) L.P.,2016
605,0001109153,"TRISTAR WELLNESS SOLUTIONS, INC.",2016
1030,0001514242,Performance Sports Group Ltd.,2016
204,0000812906,HANCOCK FABRICS INC,2016
1038,0001532750,"Atlas Resource Partners, L.P.",2016
806,0001313024,DENVER PARENT Corp,2016
606,0001109189,BASIC ENERGY SERVICES INC,2016
193,0000805305,QUIKSILVER INC,2016
1040,0001533924,"Midstates Petroleum Company, Inc.",2016
151,0000753048,"AXION INTERNATIONAL HOLDINGS, INC.",2016
1039,0001532930,Seventy Seven Energy Inc.,2016
179,0000796764,"PREMIER EXHIBITIONS, INC.",2016
173,0000785968,"MILLER ENERGY RESOURCES, INC.",2016
1022,0001490165,ERICKSON INC.,2016
1021,0001489137,"Molycorp, Inc.",2016
441,0001023994,"SG BLOCKS, INC.",2016
762,0001283843,"Emerald Oil, Inc.",2016
1012,0001473061,PostRock Energy Corp,2016
1054,0001568832,RCS Capital Corp,2016
62,0000077159,PENN VIRGINIA CORP,2016
761,0001283810,ATLAS AMERICA SERIES 25-2004 (A) L.P.,2016
868,0001357361,Atlas America Public #15-2006 (B) L.P.,2016
268,0000874841,PACIFIC SUNWEAR OF CALIFORNIA INC,2016
557,0001091596,"Nuo Therapeutics, Inc.",2016
1010,0001465872,VANTAGE DRILLING INTERNATIONAL,2016
627,0001121745,ATLAS AMERICA PUBLIC #9 LTD.,2016
758,0001282648,HALCON RESOURCES CORP,2016
104,0000318996,KEY ENERGY SERVICES INC,2016
105,0000319156,CUBIC ENERGY INC,2016
858,0001349436,SANDRIDGE ENERGY INC,2016
1019,0001487561,Atlas Resources Series 28-2010 L.P.,2016
1060,0001582054,MILLENNIUM HEALTHCARE INC.,2016
1052,0001562594,"Liquid Holdings Group, Inc.",2016
963,0001407190,Violin Memory Inc,2017
497,0001058623,CUMULUS MEDIA INC,2017
553,0001088162,MAD CATZ INTERACTIVE INC,2017
446,0001025953,"NOVATION COMPANIES, INC.",2017
1035,0001526796,"Ignite Restaurant Group, Inc.",2017
1042,0001536256,First Capital Real Estate Trust Inc,2017
1044,0001549756,"LinnCo, LLC",2017
1034,0001521847,Memorial Production Partners LP,2017
991,0001434842,Forbes Energy Services Ltd.,2017
1029,0001509589,"Bonanza Creek Energy, Inc.",2017
620,0001116521,AVAYA INC,2017
517,0001068874,SECURE POINT TECHNOLOGIES INC,2017
454,0001030749,GULFMARK OFFSHORE INC,2017
1011,0001471261,"Cobalt International Energy, Inc.",2017
1013,0001475273,"SOUPMAN, INC.",2017
1026,0001496631,First NBC Bank Holding Co,2017
512,0001064728,PEABODY ENERGY CORP,2017
1015,0001476170,Unilife Corp,2017
1023,0001490636,"Gordmans Stores, Inc.",2017
982,0001429386,"PHASERX, INC.",2017
566,0001093207,CROSSROADS SYSTEMS INC,2017
554,0001088787,"CD INTERNATIONAL ENTERPRISES, INC.",2017
172,0000778438,"Berry Petroleum Company, LLC",2017
952,0001403433,"America Greener Technologies, Inc.",2017
1,0000002178,"ADAMS RESOURCES & ENERGY, INC.",2017
106,0000320174,BSD Medical Corp,2017
331,0000918581,CIBER INC,2017
313,0000904080,STONE ENERGY CORP,2017
904,0001384072,"Vanguard Natural Resources, LLC",2017
1063,0001586300,CHC Group Ltd.,2017
902,0001383154,"COPsync, Inc.",2017
898,0001379895,DYNEGY INC.,2017
92,0000278041,INTERNATIONAL SHIPHOLDING CORP,2017
955,0001403853,"Nuverra Environmental Solutions, Inc.",2017
285,0000886328,E DIGITAL CORP,2017
45,0000054681,KATY INDUSTRIES INC,2017
55,0000073605,OAKRIDGE HOLDINGS INC,2017
74,0000098222,TIDEWATER INC,2017
881,0001367311,"DAKOTA PLAINS HOLDINGS, INC.",2017
855,0001346980,"Chaparral Energy, Inc.",2017
1065,0001602367,Adeptus Health Inc.,2017
10,0000018172,CASTLE A M & CO,2017
277,0000880460,"Perfumania Holdings, Inc.",2017
695,0001166365,PAPERWEIGHT DEVELOPMENT CORP,2017
937,0001398702,"Electronic Cigarettes International Group, Ltd.",2017
414,0001013871,"NRG ENERGY, INC.",2017
429,0001020475,"GRANDPARENTS.COM, INC.",2017
702,0001171012,Uni-Pixel,2017
1057,0001575599,"AZURE MIDSTREAM PARTNERS, LP",2017
155,0000758743,VIDEO DISPLAY CORP,2017
703,0001171014,COSI INC,2017
1058,0001580185,J.G. Wentworth Co,2017
819,0001326428,"LINN ENERGY, LLC",2017
930,0001396279,"hhgregg, Inc.",2017
434,0001022646,ULTRA PETROLEUM CORP,2017
1009,0001457737,"iHeartMedia Capital I, LLC",2018
270,0000878079,BON TON STORES INC,2018
873,0001361937,"EV Energy Partners, LP",2018
80,0000105608,AG&E HOLDINGS INC.,2018
152,0000753772,MEDIZONE INTERNATIONAL INC,2018
847,0001342643,"WORTHINGTON ENERGY, INC.",2018
143,0000739708,"iHeartCommunications, Inc.",2018
1041,0001534287,BioAmber Inc.,2018
264,0000868725,"RENTECH, INC.",2018
801,0001311230,"TerraVia Holdings, Inc.",2018
100,0000316300,EXCO RESOURCES INC,2018
798,0001310067,SEARS HOLDINGS CORP,2018
833,0001334978,"Clear Channel Outdoor Holdings, Inc.",2018
596,0001105533,ARGOS THERAPEUTICS INC,2018
274,0000878802,Quadrant 4 System Corp,2018
778,0001294250,"Rand Logistics, Inc.",2018
869,0001357371,Breitburn Energy Partners LP,2018
572,0001096132,"PETRONE WORLDWIDE, INC.",2018
894,0001376912,Rockies Region 2006 Limited Partnership,2018
1051,0001561551,"Enumeral Biomedical Holdings, Inc.",2018
970,0001412347,"Westmoreland Resource Partners, LP",2018
928,0001394872,Ambient Water Corp,2018
455,0001031296,FIRSTENERGY CORP,2018
717,0001178104,DEXTERA SURGICAL INC,2018
637,0001126294,"GenOn Energy, Inc.",2018
965,0001407805,ROCKIES REGION 2007 LP,2018
337,0000920321,"CENVEO, INC",2018
983,0001429896,"ACTIVECARE, INC.",2018
466,0001040719,WALTER INVESTMENT MANAGEMENT CORP,2018
985,0001431372,Gastar Exploration Inc.,2018
30,0000034115,CLAIRES STORES INC,2018
1071,0001660719,Aralez Pharmaceuticals Inc.,2018
36,0000038984,"Real Industry, Inc.",2018
964,0001407703,FirstEnergy Solutions Corp.,2018
1047,0001554875,"Tintri, Inc.",2018
949,0001402281,Erin Energy Corp.,2018
1043,0001549145,"ALLIANCE BIOENERGY PLUS, INC.",2018
951,0001403085,"JRjr33, Inc.",2018
901,0001382911,"Orexigen Therapeutics, Inc.",2018
932,0001397516,REX ENERGY CORP,2018
1055,0001573166,"Jones Energy, Inc.",2019
1070,0001656328,"Sienna Biopharmaceuticals, Inc.",2019
1048,0001555177,Emerge Energy Services LP,2019
1072,0001690769,"Alta Mesa Resources, Inc. /DE",2019
1053,0001568079,PetroShare Corp.,2019
1062,0001586105,Egalet Corp,2019
1061,0001584952,EP Energy LLC,2019
1056,0001575360,"FTD Companies, Inc.",2019
1066,0001603923,Weatherford International plc,2019
607,0001109196,"MABVAX THERAPEUTICS HOLDINGS, INC.",2019
1033,0001518403,"Alta Mesa Holdings, LP",2019
789,0001301501,"Achaogen, Inc.",2019
266,0000872248,PETROQUEST ENERGY INC,2019
755,0001282266,"WINDSTREAM SERVICES, LLC",2019
745,0001265107,MONITRONICS INTERNATIONAL INC,2019
306,0000896985,Destination Maternity Corp,2019
726,0001208261,IMMUNE PHARMACEUTICALS INC,2019
216,0000827809,NOVELION THERAPEUTICS INC.,2019
396,0001004980,PG&E Corp,2019
411,0001013238,ARADIGM CORP,2019
443,0001024126,"PERNIX THERAPEUTICS HOLDINGS, INC.",2019
476,0001045425,RAIT Financial Trust,2019
1073,0001720201,iPic Entertainment Inc.,2019
522,0001071411,"Fusion Connect, Inc.",2019
536,0001080029,"Dougherty's Pharmacy, Inc.",2019
409,0001012477,AVADEL PHARMACEUTICALS PLC,2019
145,0000741815,HOOPER HOLMES INC,2019
137,0000724571,FREDS INC,2019
108,0000350403,PHI INC,2019
1032,0001516479,"Insys Therapeutics, Inc.",2019
1025,0001494448,"EMERGENT CAPITAL, INC.",2019
1003,0001450390,BAKKEN RESOURCES INC,2019
999,0001441849,CLOUD PEAK ENERGY INC.,2019
997,0001437106,"Ascent Capital Group, Inc.",2019
990,0001434621,"LendingTree, Inc.",2019
954,0001403802,"SPINDLE, INC.",2019
946,0001400891,"iHeartMedia, Inc.",2019
0,0000002034,ACETO CORP,2019
8,0000013239,HEXION INC.,2019
912,0001387156,AIRXPANDERS INC,2019
56,0000073887,Bristow Group Inc,2019
59,0000076321,PARKER DRILLING CO /DE/,2019
81,0000106455,WESTMORELAND COAL Co,2019
856,0001347613,"SYNERGY PHARMACEUTICALS, INC.",2019
1036,0001528837,Sanchez Energy Corp,2019
1074,0001735828,Legacy Reserves Inc.,2019
