,ISIN,error
MIND,,No best match available
STBI,,No best match available
ESINQ,US45068B1098,
NTRI,,No best match available
CACG,,No best match available
AASP,US01643P1057,
TLLEQ,US87951V2060,
APPN,,No best match available
HEOP,US42724R1077,
RNO.1,,No best match available
ALT,,No best match available
KREF,US48251K1007,
MGY,US5596631094,
TSEM,IL0010823792,
RGRE.,,No best match available
GNTY,US4007641065,
RLLMF,CA75601Y1007,
SFBC.,,No best match available
BSXT,US05564W1062,
CAFI.,,No best match available
SKVY,US81731K1016,
CKFB,US12561J1043,
GDVD,US74255Y7067,
ASV,,No best match available
GTHX,US3621LQ1099,
FOCS,US34417P1003,
DYXC,US2528381070,
NVUS,US67011N1054,
LVIN,US5184166073,
LVUS,US5184167063,
BTO,US4097352060,
BEDU,US1091991091,
MMDM,US60765P1030,
NESR,,No best match available
CVLL,US20415P1012,
GLGI,US39807A1007,
MSSNF,,No best match available
CLNW,US1310042023,
IAGX,US45247F1049,
MOTS,US62014P1084,
CSML,US45409B3969,
FMCB,US3077951040,
FBTT,US31929F1093,
EXGB.,,No best match available
EXGG.,,No best match available
HAFC,US4104952043,
NVOS,US67011T1025,
SGLA,,No best match available
ESIC,,No best match available
SHAG,US97717Y8084,
SMHI,,No best match available
JUVF,US4820161028,
AGS,US72814N1046,
FIND.,,No best match available
PTRY,US6986571031,
MHCC,US60040L1098,
CRVU,US2210111090,
JPST,,No best match available
PGMC,US69341E2019,
AGMH,,No best match available
BTCA,US05644L2034,
ATNX,US04685N1037,
PRPH,,No best match available
PRXIQ,US74051E2019,
TRRSF,,No best match available
COMG,,No best match available
TMLN,US8873361054,
CYD,BMG210821051,
COMB,,No best match available
OMP,US67420T2069,
0059A,,No best match available
HZFS,US44041Q1013,
NSIT,US45765U1034,
WEST.,,No best match available
SSTI,,No best match available
RCII,US76009N1000,
FKFS,US3206551034,
WOW,US96758W1018,
LRGE,US5246822002,
CHRN,,No best match available
YLDE,US5246823091,
BRKS,US1143401024,
CGMCQ,US2071951089,
SMTL,US8169091050,
ISSI,US45812P1075,
LSBI,US5019251017,
SGH,,No best match available
GPTX,US37936S1096,
CIBN,,No best match available
NINE,,No best match available
KBLM,,No best match available
CCOR,,No best match available
MYMX,US62856A1025,
PSCO,US7439584076,
EMED,,No best match available
AUY,CA98462Y1007,
INTL,,No best match available
UNLA,US90476B1017,
SZBI,US8442711060,
CODX,US1897631057,
AQY.,,No best match available
CMX.1,,No best match available
MENB,US5865791041,
KMLGF,CA4945497028,
MVL,,No best match available
SNNA,US82622H1086,
TRK,US8477881069,
MYNG.,,No best match available
ACIW,US0044981019,
FLRM.,,No best match available
FLCI.,,No best match available
STRT,,No best match available
MSH.Z,,No best match available
MACC.,,No best match available
ALLB,,No best match available
WVWCQ,US94352W1062,
AMLX,,No best match available
BY,US1244111092,
DLTR,,No best match available
HCAC.,,No best match available
FWVB,,No best match available
UCM1,IT0001369427,
MJDLF,CA5609091031,
ESQ,,No best match available
NATI,,No best match available
NWKRF,,No best match available
HORC,US44041Y1047,
CTRX,,No best match available
BIRDF,CA09076P1045,
BCAC,,No best match available
APRN,US09523Q2003,
CHNR,VGG2110U1093,
MRSN,US59045L1061,
RDI,,No best match available
TNTRQ,US88770Q1058,
RVHLQ,US7696271003,
ARHH,US04625J1051,
ALRN,,No best match available
DOVA,US25985T1025,
BNV,,No best match available
DSTM,,No best match available
ABC,US03073E1055,
PCMI,US69323K1007,
FNLYQ,US3178842031,
TPPHQ,US8760312046,
MBFI,US55264U1088,
FLDM.,,No best match available
FLUS.,,No best match available
YCB,LT0000116691,
GFED,US40108P1012,
PPMIQ,US69344M1018,
GDDFF,CA38217M1005,
WEFP,,No best match available
IRS,,No best match available
ATLO,US0310011004,
FFTI,US66538H6669,
6027B,,No best match available
FFHG,US66538H6743,
NUEM,US67092P8885,
MMTS,,No best match available
NUDM,US67092P8059,
CLAR.,,No best match available
RTWI,US74974R2067,
TAIT,US8740281030,
TSH,,No best match available
ANAD,,No best match available
JXSB,US46924R1068,
HAUP,US4191311079,
CONM,,No best match available
CBZ,US1248051021,
SGMG,US3814306029,
STAY1,,No best match available
EVST,US3003551047,
BMRC,US0634251021,
SBND.,,No best match available
NEWA,VGG643351056,
BHF,,No best match available
ISNS,US45244C1045,
GIGB,,No best match available
TPGH,KYG898271286,
JWEL.,,No best match available
DLPH,,No best match available
ADV,,No best match available
CNAC,,No best match available
MYO,US62857J1025,
GGBBF,CA5507891011,
XDU.,,No best match available
XDG.,,No best match available
XDIV.,,No best match available
CGBD,,No best match available
CPUL,,No best match available
VNTR,GB00BF3ZNS54,
ADOM,US00726A1007,
ZKIN,VGG9892K1003,
CALF,,No best match available
ICOW,US69374H8732,
FFBW,US30258M1071,
XDGH.,,No best match available
XDUH.,,No best match available
HLIT,US4131601027,
RNGR,,No best match available
DRI,US2371941053,
ATXI,US05360L2051,
BGPIQ,US0997091071,
EZEN,,No best match available
RA.1,,No best match available
FEIC,US30241L1098,
PTGCY,US7171431015,
RNLC,US33738R7614,
RNMC,US33738R7531,
RNSC,US33738R7465,
RMD,US7611521078,
FCAL,,No best match available
RNDM,US33738R7879,
RNDV,US33738R7382,
RNEM,US33738R7796,
BWCF,US0560421044,
BHB,US0668491006,
AFIN,,No best match available
VSMV,US92647N6913,
FSAC,,No best match available
SAFE,,No best match available
TRTX,,No best match available
SOLO,,No best match available
GADS,FR0011335033,
GPMT,US38741L1070,
CAGG.,,No best match available
FSPR,,No best match available
CAGS.,,No best match available
KALA,US4831191030,
TTAI,US89628W4015,
USMF,,No best match available
ATAC,,No best match available
AKCA,US00972L1070,
CBH,US01883H1023,
GOAU,,No best match available
VESH,,No best match available
OCIO,US26922A7274,
XELA,US30162V1026,
CISN,,No best match available
OSPR,,No best match available
BBCP,,No best match available
RDFN,US75737F1084,
BHGE,,No best match available
CMTA,CA1855751071,
CIC,,No best match available
SID.,,No best match available
JBGS,US46590V1008,
URZZF,,No best match available
SMMD,US46435G2681,
FANZ,,No best match available
PREF,,No best match available
YOGA,US9860051062,
CLXT,US13173L1070,
CURV,,No best match available
HYDB,US46435G2509,
IGEB,US46435G2194,
SPMV,,No best match available
RGLB,US46138G7979,
REEM,,No best match available
USEQ,US46138E4382,
REFA,,No best match available
EQRR,US74347B3915,
SUSC,,No best match available
SQLV,US52468L8770,
SUSB,,No best match available
AEX.,,No best match available
DTMXF,CA23809L1085,
WINR,US82887P1003,
PETQ,US71639T1060,
WRLS,,No best match available
7689B,,No best match available
DARE,US23666P1012,
EMXC,,No best match available
USOU,US91733T3077,
EDGF.,,No best match available
EFBI,US26952G1076,
LS.,,No best match available
NEXT,,No best match available
ALPN,,No best match available
LNGYF,CA29669T1075,
EFL,US27831H1005,
PDLB,US69290X1019,
GNPX,US3724461047,
HPMM,US42370R1041,
CGAC.,,No best match available
DMRL,US89349P1075,
DMRS,US89349P3055,
DMRI,,No best match available
DMRM,US89349P2065,
MTEM,US6085501095,
NXNN,US65342G2030,
USOD,US91733T4067,
ACHV,US0044682039,
TRMT,,No best match available
STRZA,US85571Q1022,
CIFS,VGG2120A1012,
PQG,US73943T1034,
BJS,US0554821035,
MNSI,,No best match available
RETO,VGG752711090,
VNCR,RSTPVNE97459,
ARPO,,No best match available
QES,US74875T1034,
AMCA,,No best match available
EMRN,,No best match available
PETZ,VGG870841027,
JAGX,US47010C4096,
MDNAF,CA58490H1073,
CSSE,US16842Q1004,
CDBMF,CA21852Q4043,
DESP,,No best match available
ZLAB,US98887Q1040,
ALTD,US02156A1051,
FFIU,US84858T2024,
FMDG,US3208131082,
BRQS,VGG1466B1031,
MBIO,US62818Q1040,
KRYS,US5011471027,
CTST,,No best match available
PSND,,No best match available
HBB,US40701T1043,
IPOA,,No best match available
CELC,,No best match available
FPEI,US33739P8555,
RWX.,,No best match available
DOTA,,No best match available
SYBX,,No best match available
SECO,,No best match available
RYB,US74979W1018,
CEIX,US20854L1089,
BAR,US38748G1013,
NITE,,No best match available
HAIR,,No best match available
NCNA,US67022C1062,
ROKU,US77543R1023,
DCPH,US24344T1016,
SECT,US66538H5919,
FLMB,US35473P8501,
FLMI,,No best match available
HFMU.,,No best match available
MFDX,US72202L3713,
MFEM,US72202L3895,
MFUS,US72202L3630,
MAGA,,No best match available
GHYB,US3814304537,
ADIL,,No best match available
HJLI,US41015N1063,
OBOR,,No best match available
BPMP,US0556EL1098,
MOLC,,No best match available
PFFD,US37954Y6573,
LLQD,,No best match available
FSB.,,No best match available
REIT.,,No best match available
HMP,,No best match available
MLQD,,No best match available
IBDS,,No best match available
GSEW,US3814304388,
MXDU,US26922A6516,
RBIN,US26922A6698,
RBUS,US26922A6771,
FCW.,,No best match available
HERS.,,No best match available
CMSS,,No best match available
OPTN,,No best match available
BRAC,,No best match available
QD,US7477981069,
CYBR.,,No best match available
EMV.,,No best match available
FUV,US0395871009,
UMI.,,No best match available
DGRC.,,No best match available
ACER,,No best match available
PBDM,US46138E4879,
PBEE,US46138E4796,
PBTP,US46138E4952,
PBUS,US46138E4614,
PBSM,US46138E4531,
SWCH,US87105L1044,
XFLT,US98400T1060,
DXB.,,No best match available
DXZ.,,No best match available
DXF.,,No best match available
HXDM.,,No best match available
MOSC,,No best match available
BSCR,US46138J7836,
IGCF.,,No best match available
HTRB,US41653L3050,
DALT,US90213U1152,
PBND,US46138E4465,
BSJP,US46138J8172,
GOGO.,,No best match available
EATOF,CA30052J1021,
PMIF.,,No best match available
ANGI,US00183L1026,
DIVS.,,No best match available
NUBD,US67092P8703,
MCB,US5917741044,
LFEQ,US92189F1488,
AQ,,No best match available
SPRO,,No best match available
MDB,,No best match available
CHGX,,No best match available
FNKO,,No best match available
ALNA,US0181191075,
ALTR,,No best match available
ZVC.,,No best match available
ZJK.,,No best match available
ZVU.,,No best match available
ZVI.,,No best match available
ZEUS.,,No best match available
CARG,,No best match available
SCHK,,No best match available
USMC,,No best match available
REDU,US76761L1026,
SE,,No best match available
NEXA,LU1701428291,
DIAL,,No best match available
VGFO,US26923G8481,
KEMQ,US5007678767,
KGRN,US5007678502,
TIME.,,No best match available
CALL.,,No best match available
CAPS.,,No best match available
FSCT,US34553D1019,
PACK,,No best match available
LGC,US5246431036,
BRPA,US0894821034,
ERRPF,CA2960061091,
BERN,,No best match available
BRGL,,No best match available
PLCY,US53656F1021,
DEMS,,No best match available
LOGO,,No best match available
GOP,,No best match available
BAND,US05988J1034,
EYE,,No best match available
MMIN,,No best match available
AIEQ,US26924G8134,
MMIT,,No best match available
VICI,,No best match available
PMOM,US74255Y8545,
PVAL,US74255Y8628,
RMBO.,,No best match available
RBDI.,,No best match available
RBNK.,,No best match available
RPSB.,,No best match available
RUSB.,,No best match available
TNMCF,CA88831L1031,
FAT,,No best match available
CBTX,,No best match available
SCPH,,No best match available
ASNS,,No best match available
OSW,,No best match available
AQUA,,No best match available
FEDU,US35101A1016,
LIFE.,,No best match available
HADM.,,No best match available
MBIN,US58844R1086,
PPDF,US69354V1089,
USHY,,No best match available
CEY,,No best match available
UEVM,US92647N5436,
USTB,US92647N5352,
ULVM,US92647N5766,
UIVM,,No best match available
USVM,US92647N5683,
UITB,US92647N5279,
ACMR,,No best match available
SOGO,US83409V1044,
IFRX,NL0012661870,
SAIL,,No best match available
AIHS,US8172251055,
GUDB,US66538H5836,
BIBL,US66538H5349,
DIVB,US46435U8615,
JT,US47738D1019,
MIND.,,No best match available
FFSG,US66538H5679,
STNL,US81728P1057,
FFTG,US66538H5752,
FTVA,,No best match available
RVRS,,No best match available
WSPT,US9813971028,
MRBK,,No best match available
FMHI,US33739P3010,
SDVY,US33741X1028,
STZHF,CA8585221051,
CUE,,No best match available
SEND,,No best match available
PTOAF,CA7207861021,
LOV,US8465171002,
ETAC.,,No best match available
HFRO,US43010E4044,
FLJH,US35473P6372,
VRNDF,CA2477541049,
AAAA.,,No best match available
SFIX,,No best match available
INOC.,,No best match available
ENTR,,No best match available
OMFL,US46138J6192,
PXUS,US74255Y8396,
VTC,,No best match available
SBT,US00206R2013,
OMFS,,No best match available
OMOM,US46138G7557,
OVOL,US46138G7631,
OQAL,US46138G7482,
OYLD,US46138G7144,
OSIZ,US46138G7300,
OVLU,US46138G7227,
ARCT,,No best match available
PILL,,No best match available
EMTY,US74347B3675,
CLIX,US74347B3758,
RWGE,KYG747601022,
ICLK,,No best match available
MCSB.,,No best match available
MIVG.,,No best match available
MPCF.,,No best match available
YGTY,,No best match available
AVI,,No best match available
NMRK,US65158N1028,
ENTX,,No best match available
LX,US5288771034,
ILPT,US4562371066,
MCSM.,,No best match available
MUSC.,,No best match available
LBC,,No best match available
RBOT.,,No best match available
SPDV,,No best match available
EEMD,,No best match available
EQH,US0545611057,
WSC,,No best match available
IHTA,US46136K1051,
DNLI,US24823R1059,
DFE.,,No best match available
CORP.,,No best match available
JPED,US46641Q8603,
BUYN,,No best match available
BUY,US90290T6010,
IZRL,US00214Q6098,
QTRX,US74766Q1013,
ODT,US6760791060,
GIG,US37518N1063,
NOPMF,CA64046G1063,
RROTF,CA7766521099,
SIC,,No best match available
JPMF,,No best match available
AMEH,,No best match available
PWS,US69374H8401,
DOGZ,,No best match available
ACT,,No best match available
CLRG,US45409B3886,
FAMI,KYG332771073,
LFIN,,No best match available
USAI,US26922A5526,
CAAP,,No best match available
HMOP,US41653L5030,
PCSA,US74275C1062,
OSS,,No best match available
AKMNF,CA01021F1099,
AVYA,US05351X1019,
JPBI,,No best match available
ELOX,US29014R1032,
VIEMF,,No best match available
EYEN,,No best match available
IAES,GB00B4M82P85,
LDRS,US45782C2017,
WCHN,US97717Y8324,
WBAL,US97717Y8167,
SROYF,,No best match available
SXTC,VGG2161P1080,
EAGL,,No best match available
GPAQ,US3827881075,
DNJR,KYG4027R1048,
HUD,BMG464081030,
SIMS,US78468R6971,
FITE,US78468R6716,
HAIL,US78468R6898,
PAGS,KYG687071012,
GTES,GB00BD9G2S12,
LSST,US63873X2080,
MNLO,US5868581027,
DTEC,,No best match available
DWCR,US0427656857,
WLDR,,No best match available
TFIG,,No best match available
SLDB,US83422E1055,
ARMO,,No best match available
SLGL,,No best match available
NEBU,US6290761005,
TORC,US76133L1035,
SLS,,No best match available
DOGS,US0427656931,
RCKT,US77313F1066,
LOUU,,No best match available
EOLS,US30052C1071,
AUXXF,CA01750B1058,
SHYL,US2330512839,
HYDW,US2330512672,
HYUP,,No best match available
PRID,US30151E8488,
ADT,US00090Q1031,
PLTM,,No best match available
CDLX,,No best match available
HMI,US44331K1034,
VPRL,US92838M1062,
WHD,US1272031071,
IPSC,GB00B0H4QT52,
CRSA,,No best match available
BTAI,US09075P1057,
KORP,US0250721091,
VALQ,US0250722081,
FIVA,US3160927170,
MUDSU,US6247452047,
BLOK,,No best match available
BLCN,,No best match available
HNDL,US86280R5063,
EVFM,US30048L1044,
TCL,,No best match available
FIDI,US3160927253,
LHC,KYG5463L1059,
COLD,US03064D1081,
HONR,US30151E8553,
KARS,,No best match available
MTEC,GB00B1FMDQ43,
QDX.,,No best match available
QCE.,,No best match available
QUU.,,No best match available
QCN.,,No best match available
QHY.,,No best match available
JPLS,US46641Q8116,
LEGR,,No best match available
ICGL,US45243V2025,
FLBA.,,No best match available
FLEM.,,No best match available
FLGD.,,No best match available
QDXH.,,No best match available
QAH.,,No best match available
QSB.,,No best match available
QUIG.,,No best match available
QBB.,,No best match available
ZS,US98980G1022,
LTNU,,No best match available
JPMB,,No best match available
KOIN,,No best match available
TMFC,US74933W6012,
DCAR,,No best match available
INNT,US45782F1057,
PL.,,No best match available
CLBK,,No best match available
XDIV,,No best match available
IDIV,US59140L1008,
VBAL.,,No best match available
VGRO.,,No best match available
VCNS.,,No best match available
IPIC,ROIPICACNOR8,
RPUT,US97717Y8407,
CLNC,US19625T1016,
FTSI,US30283W1045,
PRPL,,No best match available
FLSW,,No best match available
HUBL.,,No best match available
HRES.,,No best match available
TMSR,US87266C1099,
BKKCF,CA09369T1021,
FLAX,US35473P6604,
FLRU,US35473P7289,
FLIN,US35473P7693,
EKAR,US3015057561,
EVVLF,CA30052T1003,
GSTX,,No best match available
DFBH,US23291E1091,
VXRT,US92243A2006,
VFMO,US9219355081,
VFVA,US9219358051,
VFLQ,US9219353003,
VFMF,US9219356071,
VFMV,US9219354092,
VFQY,US9219357061,
PPDM,US25460E5969,
PPMC,US25460E6389,
PPEM,,No best match available
FZMD,US36113U1016,
BWB,,No best match available
RCUS,US03969F1093,
WCVC,US9522131062,
AIXN,,No best match available
TIBR,US88633A1079,
OPES,US68373P1003,
BGC.,,No best match available
BGU.,,No best match available
ROBT,US33738R7200,
VSL,US26922A4958,
TRTLU,,No best match available
DBX,,No best match available
ENOB,US29350E1047,
IBEX,,No best match available
STG,US86740P1084,
EMMBF,,No best match available
BOON,US0992571077,
EXPFF,CA30219B1094,
SPOT,,No best match available
DINT,,No best match available
COSG,,No best match available
RFL,US75062E1064,
UMRX,US9032141049,
BILI,US0900401060,
ONE,US68276W1036,
LINK.,,No best match available
HEUR.,,No best match available
ZCB.,,No best match available
ZSB.,,No best match available
VRIO,US92917H1014,
ZGB.,,No best match available
ZWP.,,No best match available
ZWS.,,No best match available
AMRX.,,No best match available
TDAC,US89615T1060,
ZUO,US98983V1061,
RDVT,US75704L1044,
CNXXF,,No best match available
FIXX,US4380831077,
TKCM.,,No best match available
GHG,US39579V1008,
WH,US98311A1051,
BDRY,US26923H2004,
IBMM,US46435U6973,
IQ,,No best match available
IETC,US46431W6488,
BLCK.,,No best match available
IEHS,US46431W6892,
IECS,US46431W6710,
IEME,,No best match available
IEFN,,No best match available
IEIH,US46431W6223,
LEVL,US52730D2080,
SURF,US86877M2098,
SMAR,,No best match available
DXV.,,No best match available
IEA,,No best match available
ALEAF,CA01444Q1046,
CHXMF,CA8968871068,
SYLD.,,No best match available
PRMAF,CA74641M1014,
PINV.,,No best match available
ALZH,,No best match available
MSUS,US26922A4875,
DOCU,US2561631068,
IFRA,,No best match available
CMDY,US46431W5985,
QARP,US2330512425,
PULS,,No best match available
STXB,US84861D1037,
UBX,,No best match available
RAAX,US92189F1306,
VETS,,No best match available
PVTL,US72582H1077,
PACQ,,No best match available
ESML,,No best match available
APY,US03755L1044,
FNG,US00768Y5520,
EMEM,,No best match available
FLTW,US35473P6869,
FLFR,US35473P7933,
FLBR,US35473P8352,
FLAU,,No best match available
JMOM,US46641Q7795,
GMFL,,No best match available
FLEE,,No best match available
AMRCF,CA00179A1021,
FLCA,,No best match available
JDIV,US46641Q7951,
PPTY,US26922A5112,
MXDE,US26922A6441,
DRIV,,No best match available
FLEH,US35473P6455,
FLJP,US35473P7446,
FLIY,US35473P7511,
FLHK,US35473P7776,
FLGR,US35473P7859,
FLCH,US35473P8196,
EUXL,US25460E6538,
JVAL,US46641Q7530,
BVAL,US26922A6938,
JQUA,US46641Q7613,
EDOW,US33733A2015,
FLGB,US35473P6786,
FLKR,,No best match available
KURE,US5007678353,
FLMX,US35473P7362,
JMIN,US46641Q7878,
JHSC,,No best match available
IBD,US66538H6339,
SURG,,No best match available
UBOT,US25460E5134,
HTAB,US41653L4041,
IG,US74255Y8214,
TGODF,CA3932102088,
DMDV,US26922A3471,
LASR,US65487K1007,
GSHD,US38267D1090,
CBLK,,No best match available
ROAD,US21044C1071,
LOVE,,No best match available
PRT,,No best match available
EDNT,,No best match available
INSP,,No best match available
PRSP,,No best match available
EVLO,US2997341035,
SRRK,,No best match available
PS,US72941B1061,
KNSA,BMG5269C1010,
USAC,,No best match available
OBNK,US68621T1025,
EDGE.,,No best match available
ABP,,No best match available
ITRM,IE00BF3W0Q35,
XAIR,,No best match available
JRSH,US47632P1012,
IPLP.,,No best match available
SPXB,,No best match available
SDCI,US90290T8099,
HUYA,US44852D1081,
COMM.,,No best match available
VTIQ,US92243N1037,
LQDI,US46431W5803,
MGTA,,No best match available
FLGA.,,No best match available
FLSL.,,No best match available
FLUI.,,No best match available
DALI,,No best match available
AIQ,,No best match available
INDS,,No best match available
RUBY.,,No best match available
RUBH.,,No best match available
SLT,US26922A4792,
RTL,US69374H7825,
SRVR,,No best match available
PFFA,US26923G8226,
EDRY,MHY235081079,
GSKY,US39572G1004,
CLPS,KYG316421042,
EVOP,,No best match available
FINT.,,No best match available
STGO.,,No best match available
SMTA,,No best match available
KULR,US50125G1094,
AAMMF,,No best match available
EQL.,,No best match available
NRCG,US6293751060,
SCAD.,,No best match available
SFIX.,,No best match available
SINT.,,No best match available
SUSA.,,No best match available
HSRT,US41653L6020,
YQ,,No best match available
CVIA,US22305A1034,
FLIA,US35473P6117,
FLHY,US35473P6299,
FLBL,US35473P5952,
MGTX,KYG596651029,
CHRA,US15957P1057,
VRCA,US92511W1080,
USX,US90338N2027,
AFGL,,No best match available
TCDA,US89610F1012,
TBIO,,No best match available
CBMB,,No best match available
DOMO,US2575541055,
AVLR,US05338G1067,
UCON,US33740F8885,
OGIG,US67110P7042,
ECOR,,No best match available
NEW,US74704P1084,
BATT,,No best match available
GSAH,US36255F1021,
AIIQ,US26922A4610,
HYRE,US44916T1079,
AMAL,,No best match available
IAUF,US46431W6140,
KZR,,No best match available
AUTL,US05280R1005,
BV,US10948C1071,
IIIV,US46571Y1073,
FPAC,US30734W1099,
EIDX,US28249H1041,
JMST,US46641Q6540,
APTX,US03836N1037,
VNE,US92336X1090,
JUST,,No best match available
FHI.,,No best match available
SKY,US8308301055,
AVRO,,No best match available
DDOC,,No best match available
XERS,US98422L1070,
FDHY,US3160926180,
EASI,US0321087068,
NTGN,,No best match available
FLDR,,No best match available
BE,,No best match available
EPRT,US29670E1073,
BBRE,US46641Q7381,
BBJP,US46641Q7126,
BBEU,,No best match available
LFAC,US50200K1088,
XLC,US81369Y8527,
RPAY,US76029L1008,
EVER,,No best match available
CCB,,No best match available
FTSV,,No best match available
UXIN,US91818X1081,
STIM,,No best match available
AMID,US02752P1003,
BROG,KYG9145A1076,
TLRY,US88688T1007,
MYFW,US33751L1052,
BCNA,,No best match available
RVI,US76133Q1022,
BIKR,,No best match available
BKCH.,,No best match available
BJ,,No best match available
REPL,,No best match available
RUBY,,No best match available
ALLK,US01671P1003,
GBLK,,No best match available
CRNX,,No best match available
CNST,,No best match available
WISA,US86633R1041,
LEGH,US52472M1018,
NFC,KYG6485P1081,
IRBO,US46435U5561,
KCCB,US5007678437,
AQST,US03843E1047,
MI.UN,CA60448E1034,
ENS.,,No best match available
ACES,,No best match available
BNGO,US09075F1075,
IAA,US4492531037,
PRVB,US74374N1028,
WAFU,VGG941841014,
ALGR,,No best match available
TENB,US88025T1025,
GLAC,,No best match available
TOTA,,No best match available
MAVBF,CA57767U1066,
ARLO,US04206A1016,
SONO,,No best match available
ESTA,,No best match available
VCNX,US9186401033,
TBLT,US89157G2075,
OPER,US26922A4537,
DWSH,,No best match available
DWMC,US00768Y5371,
YAYO,,No best match available
CWK,GB00BFZ4N465,
LQDA,,No best match available
UROV,BMG9381B1081,
PHCF,,No best match available
ONLN,US74347B1695,
RRI,,No best match available
RMED,US74933X1046,
PT,,No best match available
QDIV,,No best match available
OSCV,US26922A4461,
HYGV,US33939L6627,
OPRA,US68373M1071,
JG,,No best match available
ARDS,,No best match available
NACP,US45259A2096,
DPLS,US2372451052,
CANG,US1375861036,
PDD,,No best match available
SPAQ,US8467841065,
MFAC,US58518F1093,
SZNE,US69374H6918,
TRVCF,CA88159E1034,
FCTR,,No best match available
LOUP,,No best match available
IMXI,US46005L1017,
DAVA,US29260V1052,
TKKS,KYG889501030,
FGO.,,No best match available
TFIV,,No best match available
TFLT,US37954Y5906,
AUGR,FR0000061780,
HEMB.,,No best match available
BRPHF,KYG370921069,
HBAL.,,No best match available
HCON.,,No best match available
FTDR,US35905A1097,
ELAN,,No best match available
JAPN.,,No best match available
CHNA.,,No best match available
FMCI,,No best match available
MESA,,No best match available
RTLR,US75419T1034,
PJUL,US45782C8139,
UJUL,US45782C8394,
DRSK,US26922A3885,
BBAX,US46641Q6888,
BBCA,,No best match available
RVRA,US76964R1041,
LOAC,VGG563721320,
REDV,,No best match available
RIDV,US46138G7714,
BSJQ,US46138J6358,
BSCS,US46138J6432,
MQAI,,No best match available
EMMF,US97717Y7821,
DWMF,US97717Y7748,
LCKYF,CA54960W1041,
GRSH,US38286G1094,
ETON,,No best match available
YVR,CA53634Q2045,
AMTBB,US0235762004,
MDJH,KYG592901097,
AAAU,US7154261025,
CHNA,,No best match available
CRK,US2057683029,
PRNB,US74257L1089,
ETTX,,No best match available
TZACU,VGG8708A1241,
FTCH,KY30744W1070,
HFFG,US40417F1093,
FLMN,US30607B1098,
PLIN,,No best match available
ARCE,KYG045531061,
WOMN,,No best match available
BPR,,No best match available
LTHM,,No best match available
VIDY.,,No best match available
AUSF,US37954Y5740,
GTX,US3665051054,
REZI,US76118Y1047,
XYF,US98372W1036,
KLXE,US48253L1061,
BJUL,US45782C7891,
EVRG1,,No best match available
SYSX,US87185L2060,
STRO,,No best match available
YI,US68247Q1022,
NIO,,No best match available
VIOT,US92762J1034,
KMED,,No best match available
QTT,US74915J1079,
EB,US29975E1091,
ARVN,,No best match available
INMB,,No best match available
FQJR,KYG3698R1048,
BKC,,No best match available
GRTS,US39868T1051,
QTUM,US26922A4206,
EASG,US2330512185,
DVLU,US33741L2079,
DVOL,US33741L1089,
BNDW,US92206C5655,
CCC.4,,No best match available
UPWK,US91688F1049,
GH,,No best match available
APM,,No best match available
ZEK,TRYZHEM00139,
KOD,,No best match available
EDTX,US28138X1037,
TAXF,,No best match available
QINT,US0250724061,
QGRO,US0250723071,
TRTY,US1320618390,
RQL.,,No best match available
RQN.,,No best match available
ISDS,US46138J7182,
IUS,,No best match available
ISEM,,No best match available
ISDX,US46138J7265,
IUSS,,No best match available
BSVN,,No best match available
LKCO,,No best match available
BOUT,US45782C7636,
YMAB,US9842411095,
CTAC,,No best match available
SVMK,US78489X1037,
AATP,US0083891087,
FCRH.,,No best match available
FCID.,,No best match available
FCCD.,,No best match available
FCUH.,,No best match available
FCUD.,,No best match available
FCRR.,,No best match available
AFIF,,No best match available
OSMT,IE00BF2HDL56,
ALLO,US0197701065,
ZHOK,US78463X1458,
IMAC,,No best match available
EQ,,No best match available
SPIX,CH0000222353,
GRAF,,No best match available
IBDT,,No best match available
VSGX,US9219107250,
ESGV,US9219107334,
LDGR.,,No best match available
THNK.,,No best match available
UTRN,,No best match available
REPX,,No best match available
SDGA,US45259A3086,
CTK,US21718L1026,
CBNK,,No best match available
SIBN,,No best match available
PHAS,US7172241090,
DRMU.,,No best match available
DRMC.,,No best match available
DRCU.,,No best match available
DRFD.,,No best match available
DRFC.,,No best match available
DRFU.,,No best match available
PHYL,US69344A2069,
LAIX,US50736W1053,
JHEM,US47804J8348,
AROG,,No best match available
NGM,,No best match available
SMY,,No best match available
POCT,US45782C7974,
BOCT,,No best match available
UOCT,US45782C8212,
LSAF,,No best match available
HCB.,,No best match available
PLAN,,No best match available
ALAC,,No best match available
TWST,US90184D1000,
GBOKF,CA3937041018,
ESTC,,No best match available
MUST,,No best match available
BSAE,US46138J6846,
BSDE,,No best match available
BSCE,,No best match available
BSBE,US46138J6762,
WBND,US52468L8101,
ARYA,KYG3165V1095,
CCH,KYG227071068,
FPXE,US33734X7883,
LOGC,,No best match available
NIU,,No best match available
FLZA,,No best match available
FLSA,US35473P5879,
FLLA,US35473P5614,
ONEB.,,No best match available
MSC,US86389T1060,
RMI,US76883F1084,
GMDA,,No best match available
NVGI,US65511R2040,
FLFG,US3135331011,
ESPO,,No best match available
ROAN,,No best match available
ULNV,,No best match available
VRRM,US92511U1025,
PQLC,US69344A4040,
BDIV.,,No best match available
BPRF.,,No best match available
BFIN.,,No best match available
AGAAF,CA02137A1093,
CLBR,GB00B09LSD21,
IEMB.,,No best match available
STNE,KYG851581069,
IGLB.,,No best match available
ICPB.,,No best match available
ROKT,US78468R6302,
KOMP,,No best match available
CNRG,US78468R6559,
EAGG,,No best match available
FTAC,US31811A1016,
XM,,No best match available
VAPO,,No best match available
TC,,No best match available
DSTL,,No best match available
AMK,US04546L1061,
ETRN,,No best match available
RBKB,US7620931029,
GEC.U,,No best match available
AXNX,US05465P1012,
AMCI,,No best match available
PACA,,No best match available
ORTX,US68570P1012,
KILO.,,No best match available
JMUB,US46641Q6474,
ETHI.,,No best match available
DQML,US75605A8844,
FUMB,US33740J1043,
ALYA,CA01643B1067,
FSMB,US33739P8308,
CNF,US18979T1051,
AVCO,,No best match available
FDNI,US33734X7701,
PAWZ,US74348A1455,
SG,,No best match available
DURA,US92189H1023,
CNTX,,No best match available
TTTN,US88680T1088,
EWCO,US46137Y6095,
MRNA,,No best match available
MOGU,US6080121006,
USWS,US91274U1016,
WEI,US94861A1088,
ALTM,US02215L1008,
BCSF,US05684B1070,
BWMC,US10319T1016,
NFE,,No best match available
MDRR,US58403P1057,
9042B,,No best match available
TPRF.,,No best match available
TCSB.,,No best match available
TUSB.,,No best match available
EARN.,,No best match available
THOR,,No best match available
FVTI,US34970E1047,
BGRN,US46435U4408,
GDG,US26922A3620,
GDMA,US26922A3547,
PQSV,US69344A6029,
PQSG,US69344A5039,
TAI,,No best match available
WTRH,US9307521008,
IBMN,,No best match available
DOW,,No best match available
CFFA,US12528N1072,
SI,,No best match available
BYND,US08862E1091,
CBUS,,No best match available
VTUS,US0453961080,
ANDA,,No best match available
RVLV,US76156B1070,
CHAC,,No best match available
AGE,US00848H1086,
MNCL,US6097541063,
SAMA,US80821R1095,
HKIT,,No best match available
EBIZ,US37954Y4677,
LACK,US25459Y7022,
WANT,,No best match available
PASS,,No best match available
NEED,US25459Y7857,
TME,US88034P1093,
CRLBF,CA22587M1068,
CSCA,IE00B52SF786,
IMFI,,No best match available
IMFD,US46139W8828,
PQIN,US69344A3059,
ACSG,US2330511922,
EMSG,,No best match available
XLSY,US23163L4059,
XLTY,US23163L3069,
XLUY,US23163L2079,
XLEY,US23163L1089,
QFIN,US88557W1018,
ARDT,,No best match available
WALL,,No best match available
MLND,US60040X1037,
ZFN.,,No best match available
CHIS,US37954Y5583,
ZFC.,,No best match available
CHIL,,No best match available
CHIK,US37954Y5336,
MEME.,,No best match available
CHIU,US37954Y5179,
CHIH,US37954Y5419,
CHIR,,No best match available
GMHI,US3828721098,
IQIN,US45409B3621,
GLBY,US97717Y7417,
JAGG,,No best match available
JIGB,US46641Q4495,
ATIF,VGG0602B1004,
HFA.,,No best match available
ORGO,,No best match available
SDAG,,No best match available
HOTH,US44148G1058,
CRTPF,CA14161Y2006,
JFIN,US47737C1045,
HHHH,VGG4887W1106,
GOSS,,No best match available
MTC,,No best match available
ERSX,US2938288857,
PHUN,,No best match available
HARP,,No best match available
PVT,US72583A1016,
FBOX,,No best match available
MITO,,No best match available
TCRR,US87808K1060,
RMG,US7496411064,
PUYI,US69373Y1091,
FHL,,No best match available
YZCM,,No best match available
PBTS,KYG720071003,
SLGG,US86804F2020,
XTF,,No best match available
ACAM,,No best match available
ALEC,US0144421072,
BCOW,US28252W1053,
TOPP,,No best match available
FOXA,,No best match available
KLDO,,No best match available
CSTX,,No best match available
HZ,CA44861F1027,
PCIMU,,No best match available
AVDR,,No best match available
DPHC,,No best match available
PPHI,US73740G1067,
JMPW,,No best match available
CYCN,,No best match available
WTRE,BMG947871015,
CVET,US22304C1009,
WORX,US78396V1098,
BGF.,,No best match available
SHLL,US89154L1008,
HCAC,US42589C1045,
THCB,,No best match available
SOLY,US8342511008,
SWAV,US82489T1043,
TIGR,,No best match available
TRNEU,,No best match available
LYFT,US55087P1049,
SILK,,No best match available
DTIL,,No best match available
LSPD.,,No best match available
BHAT,,No best match available
RUHN,US7813141097,
IWAC.,,No best match available
TW,,No best match available
HAPP,KYG4289N1060,
FSEA,,No best match available
RMBI,,No best match available
PBFS,,No best match available
BRPM,US05586Y1064,
RPLA.,,No best match available
PLMR,US69753M1053,
CHNG,,No best match available
PD,US69553P1003,
DSSI,MHY206761055,
ALIT,,No best match available
JFK,VGG2956M1041,
INSU,,No best match available
JMIA,US48138M1053,
MNRL,,No best match available
ZM,US98980L1017,
TPTX,,No best match available
YJ,US98873N1072,
ENLV,,No best match available
GNLN,,No best match available
PINS,,No best match available
HOOK,,No best match available
GHSI,US40145Q2030,
PSTL,,No best match available
KTB,US50050N1037,
TUFN,IL0011571556,
8868B,,No best match available
TRVI,,No best match available
SCPL,,No best match available
ALC,CH0432492467,
SY,,No best match available
TMDX,US89377M1099,
ENVN,QS0011256185,
AVTR,,No best match available
UBER,US90353T1007,
RRBI,US75686R2022,
AGBA,VGG0120M1095,
AXLA,US05454B1052,
NXTC,,No best match available
APLT,US03828A1016,
MEC,US5786051079,
MIST,CA59935V1076,
SPFI,,No best match available
CRTX,,No best match available
CPTI,US2039151038,
SONM,,No best match available
HSAC,US42227C1027,
PAAC,,No best match available
FSLY,US31188V1008,
SQL,CH0042797206,
LCA,,No best match available
HHR,,No best match available
WORK,,No best match available
GXGX,US36251A1079,
PLTX,ROPLTXACNOR5,
IDYA,US45166A1025,
BCYC,,No best match available
CDAK,,No best match available
PSN,US70202L1026,
SMXT,US83419H1032,
CTVA,US22052L1044,
LK,US54951L1098,
CRWD,,No best match available
GSX,US36257Y1091,
MWK,,No best match available
FVRR,IL0011582033,
EDR,,No best match available
PRMI,RU000A0JQ888,
FLLCU,KYG3362K1040,
PSNL,US71535D1063,
STOK,,No best match available
BBIO,US10806X1028,
DRMT,,No best match available
PRVL,US74140Y1010,
AKRO,US00973Y1082,
BKSW,,No best match available
BCHT,,No best match available
BCEL,,No best match available
ADPT,,No best match available
MORF,,No best match available
CHWY,US16679L1098,
REAL,,No best match available
KRTX,US48576A1007,
INBX,US45720L1070,
CIH,,No best match available
8761B,,No best match available
LMPX,US53952P1012,
CMBM,KYG177661090,
MDLA,,No best match available
MIRM,US6047491013,
FULC,US3596161097,
PHR,US71944F1066,
AFYA,KYG011251066,
IEDI,US46431W6637,
MEDC.,,No best match available
SBGI,US8292261091,
SCKT,US83368E2000,
3UNNF,,No best match available
PCSNF,CA74018G1090,
SWW,,No best match available
YANB,US9850211049,
0994B,,No best match available
9101B,,No best match available
CEPU,US1550382014,
TXCCQ,US8940653095,
WPEC.,,No best match available
HSTRF,,No best match available
SERO,,No best match available
MFW,,No best match available
GLOW,,No best match available
EIX2,,No best match available
VLCY,,No best match available
CAM,,No best match available
DVNTF,CA25536K3038,
0043A,,No best match available
DISH,,No best match available
HA,,No best match available
NHTC,US63888P4063,
LSI,US53223X1072,
REMI,US75954T1043,
RMTD,US75962A3032,
3ECNG,,No best match available
PLAY,,No best match available
SYX,US8718511012,
NIDB,US6641962013,
MMUS,,No best match available
DRTE,,No best match available
GTPS,US38982K1079,
CNK1,,No best match available
CSYS,US1850661075,
ABR.S,,No best match available
WAB,US9297401088,
AMRB,US0293261055,
CCFH,US42727V1052,
BNCC,US0559361086,
SUNEQ,,No best match available
ACTG,,No best match available
WSGI,,No best match available
HABC,US4044591091,
WSTG,,No best match available
DSWL,VG2506391011,
TK,,No best match available
BMTL,US0906191079,
AMNL,US03823M1009,
AUBN,US0504731078,
RHWI,US76871N2045,
TAGS.,,No best match available
CNU,,No best match available
6033B,,No best match available
VSNI,US9282971004,
CIB,US05968L1026,
CICN,,No best match available
ATEA,,No best match available
GVP,,No best match available
MRB,,No best match available
OMRX,US68750M1009,
RVR,,No best match available
AMIEQ,US0231782055,
DIT,US02341Q2057,
RWT,US7580754023,
UBB,US90458E1073,
WINT,US97382D2045,
WFSI,,No best match available
CADV,US14166N2099,
ADSV,US01951W2052,
OO,,No best match available
EAF,US3843135084,
AAWW,US0491642056,
ENCS,US29257B1044,
SHO,US8678921011,
4437B,,No best match available
3VION,,No best match available
CBUK,US2322171099,
HBPCF,CA4229101098,
KFRC,US4937321010,
IART,US4579852082,
LINN,,No best match available
HPT,,No best match available
BREW,US2241221017,
CSKI,US16941P1021,
CCBP,US2004681068,
LTEC,,No best match available
ASML,,No best match available
FETM,US3146451022,
GNRG,US3676003011,
3AXSO,,No best match available
3VCAT,,No best match available
PWRM,US73936A1034,
ADVC,US00761J2069,
BTN,,No best match available
POCC,US7075731015,
TRF,INE391D01019,
ACGL,BMG0450A1053,
SMSI,US8321542073,
MD,,No best match available
PBPH,US72702X1072,
TALK,,No best match available
CVOVQ,,No best match available
MEH,,No best match available
CRAY,US2252233042,
CKFR,US1628131096,
NOVT,,No best match available
CDSG,US16939T1088,
PLNTQ,US74340R1041,
ZCLCF,,No best match available
ERIE,US29530P1021,
APGI,US02906V1026,
RE,,No best match available
FIFS,US32058A1016,
FIFG.,,No best match available
SRNN,,No best match available
ESST,US2691511065,
LCRY,US52324W1099,
MYGN,,No best match available
ZCOM,US45320V1098,
VRTY.,,No best match available
VTEK,US92857V1026,
WLDA,,No best match available
CPC.2,,No best match available
RNR,BMG7496G1033,
APAC,US00185E1064,
THG,US4108671052,
DO,US25271C1027,
SNUS,US0044682039,
BCKE.,,No best match available
RICK,US74934Q1085,
TINO,US87509W1027,
POOL,,No best match available
AAA.1,,No best match available
MVCO,US5831851036,
ADEX,US00089C1071,
CLRX,US7597578001,
RSYS,US7504591097,
KKPNY,US7806412059,
HTV,,No best match available
IMPCQ,US4526801018,
MGN.,,No best match available
PCYC,US7169331060,
GCV,US36240B1098,
BAP,BMG2519Y1084,
3SHPI,,No best match available
WCAP,,No best match available
DVA,US23918K1088,
BANR,US06652V2088,
Q.2,,No best match available
OPK,,No best match available
HSIC,US8064071025,
MLSS,US59935P2092,
HYSL,US44914M1045,
SNDK,US80004C1018,
CNVT,US12660F1021,
IFIN,,No best match available
SWM,US8085411069,
ADAM.,,No best match available
MDWV,,No best match available
ESAN,US29382Y1029,
JJZ,US4698651092,
PNTR,IL0010826274,
ASFI,,No best match available
INSGY,US45766J1079,
TLK,US7156841063,
LXK,US5297711070,
ADVS,US0079741080,
PHTN,US7193641013,
AEIS,US0079731008,
EMBR.,,No best match available
EL,US5184391044,
SCUR,US8137051004,
SMOD,KYG822451046,
WAT,US9418481035,
CFCI,,No best match available
HW,,No best match available
SAM,US1005571070,
CDV.1,,No best match available
ESC,,No best match available
FFIC,US3438731057,
IMH,US45254P5089,
IVAC,US4611481080,
MIG,,No best match available
NTAP,US64110D1046,
SSTI.,,No best match available
BKI.1,,No best match available
PRXL,US6994621075,
FCFC,US33761X1072,
ZANE,US98906R2085,
E,US26874R1086,
PIXR,US7258111035,
SRHIF,CA85209D4084,
NWPX,US6677461013,
EAGL.,,No best match available
WSTL,US9575412047,
ZLUS,,No best match available
NVAX,,No best match available
ACCL,US00430U1034,
ELUR,,No best match available
LTRE,US5220151063,
TRFX.,,No best match available
NUOTQ,US67059V1008,
CTXS,US1773761002,
GBBK,US3916481027,
NUAN,US67020Y1001,
OAKF,US6713371036,
AMLJ,US0017331044,
HTLF,US42234Q1022,
ENLV.,,No best match available
STGCF,CA86336Y1097,
DCBK,US25037Y1091,
KNSY,US4900571062,
MDCC,US60851C1071,
SMID,,No best match available
TGTX,US88322Q1085,
BDR,US0936981085,
ERGN,US29481Q3074,
ATAR.,,No best match available
PMID,US7471351012,
IDWK,US4594121026,
TLGD,US8895421068,
ADEP,US0068542028,
MSM,US5535301064,
SGU,US85512C1053,
ZRAN,US98975F1012,
HIG,US4165151048,
KFS,US4969042021,
IPXL,US03168L1052,
NUCO,,No best match available
NYMX,BSP733981026,
CSTL.,,No best match available
STRB,,No best match available
ELCO,,No best match available
3ISEE,,No best match available
CLB,NL0000200384,
RDEN,US28660G1067,
ASTC,US0464842006,
CDTI.,,No best match available
AXLE,US8725381037,
AXCA,CA0549231078,
SOMC,US84336P1030,
SCCO,,No best match available
BESIY,US0733201034,
BYFC,US1114441058,
IFCB,,No best match available
AZCT,,No best match available
CCOWQ,US1400652020,
TTNP,US8883145075,
APU,,No best match available
CS1,,No best match available
BCRA,,No best match available
SRCP.,,No best match available
OTEX,CA6837151068,
PPDI,US7171241018,
NGI,,No best match available
INBP,,No best match available
EVLO.,,No best match available
CPBK,US20363C1027,
CONC,,No best match available
IRBS,US46264M3034,
IDRA,,No best match available
LCAV,,No best match available
NEOL.,,No best match available
NICE,,No best match available
PTIX.,,No best match available
CRNS,LU0121126295,
ANSS1,,No best match available
IDSA,,No best match available
TPPPF,NL0000387116,
SBFC,DE000A0L1M50,
ACCA,,No best match available
GLB.1,,No best match available
AGFMF,CA0010921058,
LCGI,,No best match available
ENG,,No best match available
PHLH,,No best match available
HRBR,US41150R1023,
FPCG,US33613R2094,
AOLS,US00765G1094,
KSW,,No best match available
FPFXQ,US33763B1035,
3REMC,,No best match available
9352B,,No best match available
ARTC,,No best match available
SZMK,US83013P1057,
ESCU,US29642R1032,
RCI.,,No best match available
SRLMQ,US8594101029,
SPDE,US8477232024,
PZZ,US7434941065,
PYTOD,,No best match available
WYY,US9675901006,
RCCC.,,No best match available
TBWC,US8722261059,
PRXZ,US69562E1047,
APT,US0207721095,
AMHI,US0259292094,
EVDNF,CA30049Y1051,
MHJ,,No best match available
MIX.2,,No best match available
NOOF,US6443981096,
SORCQ,US8361512093,
WMDA,US94110U1034,
GCMI,US37363N1028,
MGAM,,No best match available
APRI,US81577F1093,
NFTI,US6548651040,
MYSL,,No best match available
SYVC,US87163M1018,
CHIF,,No best match available
VSMD,US92834L1026,
PBHC,US70319R1095,
PSBI,US6936041002,
VCTY,US92658Y2063,
PLBC,US7292731020,
IRIX,US4626841013,
LNDC,US5147661046,
NTEC.,,No best match available
MEDT,US58446C1036,
PAYD,US69561N4025,
VBTC,US92909L1026,
STHKQ,US8559061036,
CICS.,,No best match available
RNWF,US75971P1012,
ENDO.,,No best match available
GNSM,US37245R1077,
PPKZ,CA7319121017,
TGC,US88033R5028,
TITT,US8883251071,
PERT,US7142051017,
USAT,US90328S5001,
CH.1,,No best match available
LPTH,US5322578056,
CMCO,US1993331057,
CCTC,US18450P2002,
MROE,US6103131081,
MOSS,US6196961071,
CPTS,US2060161070,
CNCT.,,No best match available
UNTY,US9132901029,
VYFC,US9196291051,
UBET,US9874131017,
GMST,US36866W1062,
FORD,,No best match available
ALXN,US0153511094,
CSGS,US1263491094,
FLDR.,,No best match available
HRCT,US4161872019,
IINT,US45578L1008,
SCLR,,No best match available
REV,US7615256093,
EVTN,,No best match available
SSTRF,BMG813651012,
SGRP,US7849331035,
RAIO,US75041A1007,
QMKR.,,No best match available
NSFDF,CA62948Q1072,
TMRK,US8814482035,
MLGF,US5610461031,
PGI,,No best match available
FASC,US31846W1027,
LVIDF,,No best match available
BAGL,US28257U1043,
IPCR,BMG4933P1014,
CYTC,US2329461030,
IAG,CA4509131088,
QNIIF,CA81782W1032,
FRGY,US35908J1079,
LIHR.,,No best match available
SNOFF,CA82934H1010,
FNRN,US3359251036,
IRM,US46284V1017,
HUBG,US4433201062,
ASTX,US04624B1035,
VTRO,US92535G2049,
ELNK,US27033X1019,
ENMC,US29256E1091,
IDT,US4489475073,
JDAS,US46612K1088,
PRLO,US7434061005,
BZEC,US5545161045,
ENTK.,,No best match available
TNKY,US88874W1071,
CIMT,,No best match available
TLCVF,,No best match available
VCBI,US92778Q1094,
ABUS,,No best match available
PCTY.,,No best match available
PRGX,US69357C5031,
FORBQ,US34958N1000,
ELLO,IL0010826357,
SPH,US8644821048,
QULMY,US74838Y2072,
SEGU,,No best match available
RSMI,US7667141094,
CENX,,No best match available
HEB,,No best match available
AMFC,US0019841032,
CRRSQ,US22004Y1055,
AABVF,CA0030691012,
KVHI,US4827381017,
CW.1,,No best match available
OCC,,No best match available
POSOQ,US74347E1064,
VTRAF,CA92849T1084,
SIPX,US8299092093,
ANST,US0363841059,
FFDF,US30243C1071,
ALJJ,US0016271084,
CPWM,US2214851055,
PLX,US74365A1016,
IOMG,US4497933063,
LU,,No best match available
SAPE,,No best match available
WAKE,US9308881021,
QMRK,US7475871031,
WIRX,US97652L1008,
CWCO,KYG237731073,
EPM,US30049A1079,
ATF,,No best match available
PFP.1,,No best match available
RNAI.,,No best match available
AABA,,No best match available
LORL,US5438811060,
CAPX.,,No best match available
CWBC,US2041571017,
ACTT.,,No best match available
SASR,US8003631038,
DF,US2423702032,
IASCA,US44920B1008,
STRM,,No best match available
PSS,US19421W1009,
VRGE,US9276373068,
0041A,,No best match available
CRR,US1407811058,
TRV,US89417E1091,
SHLLQ,US8228091091,
CASA.,,No best match available
MTXX,,No best match available
AFFI,,No best match available
UNDR,,No best match available
SLNK,,No best match available
BOBS,US1057552010,
ITWO,US4657542084,
DROP.,,No best match available
TCX,,No best match available
PLCM,US73172K1043,
RCG,US7597201059,
SYKE,US8712371033,
WSTF,US9570701055,
JAKK,US47012E1064,
JWLR,,No best match available
BSF,US00182C1036,
HVB,,No best match available
PNS,,No best match available
MLNM,US5999021034,
PRVT,US74266R3021,
ZOMX,US9899291044,
FEIFF,CA34956A1003,
ENPT.,,No best match available
OGI.Z,,No best match available
PWVI,US73937M1062,
FCN,US3029411093,
MXICY,US5561037608,
ONXX,US6833991093,
3BETM,,No best match available
3POLG,,No best match available
GSH,US40065W1071,
GETI,US37245X2036,
AKSY,US0101961037,
PFBI,US74050M1053,
TUP,US8998961044,
DSA.,,No best match available
AVGN,US0536901038,
DIGE,US2537521096,
MFIN,,No best match available
NBIX,US64125C1099,
NDN,,No best match available
NVTP,,No best match available
WEBB,US94734A1034,
EXAC,,No best match available
ULGX,US9172731047,
PRLE,US7214911080,
BOSC,IL0010828171,
ANS,,No best match available
CGCP,,No best match available
SQZZF,GB00B0CY5V57,
SSNC,,No best match available
SRZ,,No best match available
ALE.1,,No best match available
BKYF,US0628961056,
SBKCQ,US8140471066,
SLXP,US7954351067,
SBSI,US84470P1093,
TIE,,No best match available
AFFX,US00826T1088,
APVS,US0382871087,
RUSHA,US7818462092,
AVDL,US05337M1045,
ASTSF,SG9999000145,
DTRK,,No best match available
ELED,,No best match available
MTRE,,No best match available
ASNB,US00767T1097,
CASI,,No best match available
ADRX,US0345531075,
NTPA,,No best match available
ICTG.,,No best match available
MATV,US5765611042,
DAEG,US2337201014,
SBFG,,No best match available
TRLI,,No best match available
ECDI,US26826X1046,
RESX.,,No best match available
AISLY,US04516X1063,
BCGI,US1005821053,
SHERF,CA8239011031,
9490B,,No best match available
ANSS,US03662Q1058,
ARDMQ,US0385054004,
ELGX,US29266S3040,
CGPI.,,No best match available
DSUPQ,US2400283089,
BVSN,US1114127061,
EPMD,,No best match available
KEYS.,,No best match available
ACLH,US00089J1025,
AXAHY,,No best match available
ECIA,US29254Q1040,
GWR,US3715591059,
DDSSF,CA5049051009,
DCOM,US2539221083,
GLAE,IE00BF1QPL78,
TRQ,CA9004351081,
ICTSF,NL0000226892,
3TMAV,,No best match available
ZONS,US98976N1037,
SMXC,US8326531097,
TLG.1,,No best match available
RGBOQ,US75884M3025,
KTYB,US4912031055,
CLFC,US15146E1029,
DASTY,US2375451083,
FDS,US3030751057,
FPI.Z,,No best match available
THTLF,CA88431N3013,
PROV,,No best match available
CHKP,IL0010824113,
QGEN,NL0012169213,
CXIA,,No best match available
CNET.,,No best match available
CHNL,US1591861059,
GYI,US3742761030,
HWEN,US43708T1016,
EVSNF,,No best match available
CVCY,US1556851004,
OCFC,US6752341080,
MTTIF,,No best match available
PABK,US69313P1012,
MAXM,,No best match available
REMX.,,No best match available
PVTCY,US7170671025,
KDUS,,No best match available
CPKF,US16517A1097,
VSNT,US9252843092,
FFG,US30239F1066,
PEGA,US7055731035,
STRC,,No best match available
PDMI,US69900Q8841,
CWLM,US2280901065,
RCAR,US75988J1060,
GFLS,US39167M1080,
DYNR,US2680731039,
MGTI,,No best match available
STRA,,No best match available
CBMC,US1317226058,
HDYNQ,US4489542062,
3BPOM,,No best match available
VMSI.,,No best match available
ABCC,,No best match available
WHLM,US9682352003,
HLAN,,No best match available
CHBH,US2270721051,
BZSRF,CA08659G1019,
GERN,,No best match available
SHN.U,,No best match available
BSIRY,,No best match available
FPIC,US3025631017,
TTEC,US89854H1023,
CAMH,,No best match available
LAMR,US5128161099,
LVB,US8584951045,
EACC,US2785781095,
AMAR,,No best match available
GES,US4016171054,
PURE,,No best match available
AWRE,US05453N1000,
CSV,US1439051079,
SRSL,US78464M1062,
PFED,US7001641064,
DDMX.,,No best match available
3ACEC,,No best match available
NTST,US64114W3060,
EGHSF,CA2929491041,
BAESY,US05523R1077,
BARI,,No best match available
MSBK,,No best match available
BIOS,,No best match available
GACR,US39260A1007,
SNRR.,,No best match available
WGRP,,No best match available
ETFC,US2692464017,
MHX,,No best match available
PCBS,,No best match available
CRWE,,No best match available
TACT,US8929181035,
WOWI,US59163F2048,
SRCL,US8589121081,
MVIS,US5949603048,
SNBC,US86663B2016,
WXX.2,,No best match available
MMAC,US55315D1054,
SGB,US84502A1043,
SSREY,US8708861088,
FMFC,US3207441052,
AEZS,CA0079754028,
DDRX,US2536752015,
HTIDF,CA43760Q1028,
KNOS,,No best match available
RXDMF,CA7619051088,
BKRIY,US06279J1097,
QEPC,US74727K1025,
VLNSF,CA9229321083,
WLFC,US9706461053,
CYMI,US2325721072,
8356B,,No best match available
DOCX,US25614R1059,
THX,,No best match available
HOTT,US4413391081,
LCCI,US5018101056,
LYO1,,No best match available
RNE,,No best match available
OCN,US6757463095,
PRLS,US7055361007,
ANF,US0028962076,
ADIC,US0075251084,
ENDP,IE00BJ3V9050,
SPPI,,No best match available
RSTI,,No best match available
CXR,,No best match available
3ITIG,,No best match available
ANET.,,No best match available
EDGW,CA01643B1067,
5952B,,No best match available
ORCT,IL0010823461,
CMZPF,CA2049403082,
NMTI,US6292941092,
DECC,US2328601065,
CFCB,US15643B2051,
XTLS,US9841642021,
ERS,,No best match available
PREM,,No best match available
ATRS,,No best match available
3SSFC,,No best match available
ARI.3,,No best match available
CRN,,No best match available
DVD,US2601741075,
XAND.,,No best match available
BXLC,US0885771016,
HFBK,US4124791074,
NBTF,US62874M1045,
NCI,US63935N1072,
WTBA,US95123P1066,
DYMTF,CA2679241083,
9625A,,No best match available
9626A,,No best match available
9627A,,No best match available
AEG1,ARDEUT112398,
BJRI,US09180C1062,
OTGO,US68618K1060,
MWP,,No best match available
SPYR,,No best match available
QDHC,US74730W5076,
SCRYY,US80917Q1067,
HIBB,US4285671016,
TSG.2,,No best match available
SPSX,US86815V1052,
WTFC,US97650W1080,
ARQL,US04269E1073,
MSTX,US8051111016,
ORGT,,No best match available
AMTY,US03073V1070,
BKBK,US1110911047,
IMS,,No best match available
TALX,US8749181058,
VTRU,,No best match available
NOVB,,No best match available
AVSO.,,No best match available
PAG,US70959W1036,
OATS,US96808B1070,
OPMR,CA68388R3071,
ITHH,US46571P1066,
USNA,US90328M1071,
CBST,US2296781071,
SSI,US85254C3051,
3GVSS,,No best match available
TGI,US8968181011,
PGI.Z,,No best match available
DGRI,US26702V1070,
NOV,US6370711011,
BITS,US0917361083,
BOY.1,,No best match available
NWTH.,,No best match available
PRRMF,CA7409103024,
PBIO,US74112E2081,
CBD,US20440T2015,
EDMCQ,US28140M1036,
DRWN.,,No best match available
CNH,,No best match available
ALLN,,No best match available
DFCLQ,US2479181057,
IM,,No best match available
NETC,,No best match available
UNFI,US9111631035,
VOXW,US92906L5012,
DAVE,US3070681065,
FFNM,US32021X1054,
SEAC,,No best match available
FRNS,,No best match available
AMV.3,,No best match available
3AICX,,No best match available
6102B,,No best match available
HCHC,US4041391073,
CMOH,US20114L1044,
ID,,No best match available
TUXS,US9011441055,
DMNM,US2574551055,
SRF.,,No best match available
STNR,BSP8744Y1024,
BVI.3,,No best match available
CDOM,,No best match available
PLUS,,No best match available
VEON,,No best match available
CVTX,US1266671049,
CMHIF,CA12582Q1037,
GLDB,,No best match available
VPHM,US9282411084,
3PPID,,No best match available
SCB.1,,No best match available
ISSM.,,No best match available
PVIS,US69830E2090,
VUOC,US9292122077,
HPTO,US4402712032,
VNT,,No best match available
MMG.2,,No best match available
NUS,US67018T1051,
STLD,US8581191009,
TISA,,No best match available
BDLN,,No best match available
NEOM,US6405054007,
GRLL,,No best match available
VCMP,US92240C3088,
WSTC,,No best match available
BBDC.,,No best match available
3FATS,,No best match available
FORR,US3465631097,
GEL,,No best match available
PRBZF,CA74061A1084,
CLOK,US17253H1005,
3MNYG,,No best match available
PRWT,US7409212005,
VSAT,US92552V1008,
TTIL,IL0010823875,
IDGBF,CA45567S1083,
SYNC.,,No best match available
CRGAF,CA2197501067,
SNAK,,No best match available
PWAVQ,US7393633075,
TOLWF,CA8959451037,
COLT,,No best match available
CDVIF,CA1999071063,
HIHO,VGG4481U1066,
FUELQ,US78453M2089,
WHRT,US9809054003,
ARXG,DE0005098008,
DEL,,No best match available
CCBD,US20363J1079,
DMCX,CA2379261001,
FCPO,,No best match available
MWW,,No best match available
APPTY,US00203R1059,
ATAC.,,No best match available
CVD,,No best match available
DPW,US26140E6005,
IGTE,US45169U1051,
DGX,US74834L1008,
EBODF,KYG645181069,
LAD,US5367971034,
0081A,,No best match available
AVXT,US0534953056,
RCC.1,,No best match available
BHBCQ,US0878661091,
EMCF,US2908281023,
FMARQ,US3207951076,
HR.UN,CA4039254079,
CGUE,US14171A2006,
RIVR,,No best match available
THY.U,,No best match available
TSDRF,CA8985301008,
BBAL,US6494872046,
MLX.,,No best match available
WIBC,US97186T1088,
DXPE,US2333774071,
UBFO,US9114601035,
HCFL,,No best match available
TA4,BE0003869865,
HLIO,US42328H1095,
LIFZF,CA5054401073,
CALM,US1280302027,
ELTK,,No best match available
WTRO,US96684U1043,
EFJI,,No best match available
NSP,US45778Q1076,
AMH.2,,No best match available
KRC,US49427F1084,
EPIX.,,No best match available
MDLK,US58445P1057,
SKP.2,,No best match available
MDSYF,,No best match available
CERS,US1570851014,
VCEL,US92346J1088,
CEA,US16937R1041,
NGPS,CA6699541091,
ERT,,No best match available
MTN,US91879Q1094,
EPIQ,,No best match available
DIGL,,No best match available
GOGL,,No best match available
CIEN,,No best match available
HGRD,US42218Q1022,
ISWI,US45840F1057,
GNRL,US3691471037,
GTA,,No best match available
3NVDC,,No best match available
BSTE,US0909451066,
RADS,US75025N1028,
ILOG,,No best match available
SLGN,,No best match available
AVCT,,No best match available
PTSX.,,No best match available
MDF,,No best match available
OVRL,US6903103058,
KMX,US1431301027,
DTPI,US25269L1061,
IONA,,No best match available
PROJ,US24784L1052,
FAVS,US31865W5040,
3GLOB,,No best match available
RIVT,US7696481065,
TIVO,,No best match available
ABLP,US00388N1019,
NMGC,US6404972027,
GTRC,US4020401091,
CLWT,VGG320301275,
CMDXF,CA2052491057,
PFTI,US7460911073,
CTIC,US12648L6011,
EGI,CA29384J1030,
KXLAF,CA74283A1003,
APWC,BMG0535E1066,
IXL.Z,,No best match available
AANI,US0234341032,
EPEXQ,US2798621064,
EEFT,US2987361092,
CRGI.,,No best match available
KOSP,US5006481007,
SELF,,No best match available
SSB,,No best match available
CBI,,No best match available
ALTI,,No best match available
MXTLF,CA5909152038,
AMTD,US87236Y1082,
GSLA,US3622741029,
DSC.1,,No best match available
GIFI,US4023071024,
ELP,US20441B4077,
RVREF,CA89783T1021,
SOR,US8361441053,
FSBK,US33646W1009,
ACCKF,CA0314982079,
AGUNF,CA0396751038,
MEAD,US5830622032,
PRGN.,,No best match available
VLG,,No best match available
GLEC,US37950A1097,
BEAS,US0733251021,
RMCP,,No best match available
IPXA,,No best match available
IDND,US4594071023,
VCST,US9267131087,
NFS,US6558441084,
ITGQF,,No best match available
TRRVF,CA88105G1037,
NPIFF,CA6665111002,
SYNM,US8716302083,
SBNC,,No best match available
SGURF,,No best match available
TTWO,US8740541094,
CPX.4,,No best match available
GBRRF,CA3619701061,
EMKR,US2908462037,
CVNS.,,No best match available
RBCL,US74926T2015,
BKYI,US09060C3097,
ELGMF,CA2864011044,
LUX.Z,,No best match available
ANCUF,CA01626P4033,
3PNDM,,No best match available
SCLD,US85815M1071,
XPLR,US9839507004,
CYPXF,CA26884V1076,
UNVC,US91335U1088,
HTPRF,CA40432D1050,
CHVFF,,No best match available
GBT.,,No best match available
PRTKQ,US7431641056,
TRBD,US8999051035,
ALV,US0528001094,
PPSF,US7123082049,
ANXGF,CA03240P2070,
FBC,US3379307057,
SHF,,No best match available
GMI.1,,No best match available
IMLFF,CA4576371062,
SMSSF,CA7959161059,
TAY.Z,,No best match available
CSHZ,US16942H1095,
MHD,US09253N1046,
PRHL,US74051M1045,
GBMR,US37944W2098,
EATR,US2762521035,
JRCOQ,US4811381056,
BEXP,US1091781039,
IELE,,No best match available
KNL,US4989042001,
WSBA,,No best match available
HAL.U,,No best match available
VFPI,US9284501056,
3FCAR,,No best match available
RAV.U,,No best match available
RMBS,US7509171069,
VTAL,,No best match available
AMZN,US0231351067,
DNN,CA2483561072,
MFN,,No best match available
CDSI.,,No best match available
JFBC,US47559A1034,
LVGAF,,No best match available
WILC,,No best match available
CNIRF,,No best match available
UCBI,US90984P3038,
CTGLF,VGG843851061,
MTSL,IL0010826191,
CDPYF,CA1349211054,
PRVU,US7413901080,
ARE,,No best match available
3ABZA,,No best match available
WHT,,No best match available
RYAAY,US7835132033,
CTVWF,AU000000CVI8,
ACR.,,No best match available
MDWCQ,,No best match available
KMG,,No best match available
REIS,US75936P1057,
BFLY,US0962273019,
QRVO,US74736K1016,
SRPT,US8036071004,
CADMQ,US14147M5022,
SVLF,US8283951031,
3191B,,No best match available
IVANF,,No best match available
RL,US7512121010,
BDNNF,,No best match available
RCRC,US7493881046,
MMS,US5779331041,
WWIN.,,No best match available
USGA,US91729J1079,
ISYRF,CA46123E1043,
EDPFY,US2683531097,
INTT,US4611471008,
MFE.,,No best match available
NTL,,No best match available
ORFR,CH0011439459,
3SVUL,,No best match available
BXP,US1011211018,
SLP,,No best match available
TIBB,US8724492025,
GRIF,,No best match available
CMETD,,No best match available
SPAZF,CA8464811097,
SRT.2,,No best match available
SGE.,,No best match available
AE.U,,No best match available
PEAK.,,No best match available
SNX..,,No best match available
HOT.Z,,No best match available
PPBI,,No best match available
LQ.1,,No best match available
NEWCQ,US6435EV1082,
NXCN,US6294711030,
GVHR,US3743931061,
FIX,US1999081045,
FRFC,,No best match available
ACBCQ,US0132881055,
HLX,US42330P1075,
AROC,,No best match available
HSKA,US42805E3062,
SCHK.,,No best match available
DBMG,US24024P1066,
GTHP,US40171F5017,
MOBAF,,No best match available
EGHT,US2829141009,
FBNW,US33762X1063,
OUTR,US6900701078,
CDYCF,CA14140U2048,
SHSO,,No best match available
QUIK,US74837P1084,
CLRT,US1804891067,
INXI,US46185W1099,
AFX.,,No best match available
EOP,,No best match available
GLBZ,US3774071019,
FLST,US35952M3034,
IGO.Z,,No best match available
MDST.,,No best match available
ENYNF,CA29275G1019,
AMCS,US0017121080,
NWDMF,CA6437633036,
FGOCQ,US33765W1053,
PFSRF,CA69358G1072,
DLGO,US25250M2044,
CXW,US21871N1019,
CMPP,,No best match available
DTE1,,No best match available
SRE4,,No best match available
ILN1,,No best match available
PCG1,,No best match available
WPS1,,No best match available
BJ.1,,No best match available
OZK,US06417N1037,
CBEV,US1398161026,
JLL,US48020Q1076,
SMV.H,CA09370A1003,
AAL.Z,,No best match available
PAABF,,No best match available
RITT,IL0010826761,
CBKN,,No best match available
PPBN,US72345E1029,
CTV.1,,No best match available
MWAMF,CA5829055014,
SHMAF,CA82405L1022,
IPI.Z,,No best match available
CPS.1,,No best match available
SVIN,,No best match available
NTBKQ,US6409331070,
TMC.1,,No best match available
EVBN,US29911Q2084,
ONSM,,No best match available
AZS,,No best match available
EDAP,US2683111072,
BVGIF,,No best match available
3DCBF,,No best match available
CGNT,,No best match available
CRZO,US1445771033,
QADA,US74727D3061,
UMPQ,US9042141039,
CBPI,US16890Y1047,
TRCY,US8953641078,
WGNB,US92923K1060,
DHIL,US25264R2076,
PEGS,,No best match available
RDLYF,CA7659071004,
WOWFF,,No best match available
OMTL,,No best match available
NUVO,US00211Y5069,
GCOM,,No best match available
HMNY,US42327L3096,
MT,,No best match available
MOGIF,CA60975V1067,
PNP,,No best match available
ATAAF,CA82967T1057,
WEDXF,CA9569093037,
FNBP.,,No best match available
SYNT,,No best match available
BNGLF,CA08184N1006,
BFAM,,No best match available
INIS,US45972C1027,
AEHR,US00760J1088,
AATK,US02368F1084,
SLG,US78440X1019,
GYSLF,CA27887T1075,
MEC1,,No best match available
BUGS,US9029881045,
BYCX,US07301P2048,
ROBK,,No best match available
KNDL,US48880L1070,
SXRZF,CA91701P1053,
STBK,,No best match available
NTFY,US6699564018,
PSMT,US7415111092,
VTSI,US92827K3014,
ACAS,US02503Y1038,
AGWTQ,US0495671002,
SOA,,No best match available
DDJHF,CA24022Y1097,
NICK,,No best match available
UGDIF,CA90476X5091,
TPTH,US8969421093,
OMEX,US6761182012,
SIGA,,No best match available
LGCUF,CA5503446000,
EMITF,IL0010811169,
ESLT,IL0010811243,
SEYE,,No best match available
CLGRF,CA1828731093,
MTOR,,No best match available
7262B,,No best match available
PETS,,No best match available
HILL,US25848T1097,
YUM,US9884981013,
MBAIF,CA17163Y1025,
FARO,US3116421021,
SHBK,US82511E1091,
PLCE,US1689051076,
MRETF,CA5734591046,
SSFN,US8603261079,
PEAMF,CA7049162042,
RCNI,US7493612003,
GAXCQ,US37941L2060,
MHN,US09255C1062,
FGHH,US33841N1037,
ISON,,No best match available
SPB.1,,No best match available
RDCM,IL0010826688,
TFRFF,IL0010825854,
AMEN,,No best match available
FCCY,US31986N1028,
IDGR,US4560611000,
RLRN,US75968L1052,
BVX.Z,,No best match available
STRZ,,No best match available
STEL,,No best match available
WALKQ,,No best match available
3XOHO,,No best match available
PVSW,US7157101095,
MFL,US09254P1084,
NAT,BMG657731060,
BCICF,CA0779143076,
OLEPF,CA6870821072,
ANNB,,No best match available
PVMCF,CA72301P1099,
TRAD,,No best match available
FPWM,US33612Y1064,
HCM.1,,No best match available
HYC,,No best match available
PCBK,,No best match available
UEPS,US64107N2062,
ACSEF,IL0010827751,
CAC,,No best match available
LGTY,US54140Y1038,
INVE,,No best match available
TRMS,,No best match available
PWER,US73930R1023,
NLY,US0357104092,
IWFSF,,No best match available
ACMR.,,No best match available
AIPC,,No best match available
AMB,,No best match available
BSAR,,No best match available
NRC,,No best match available
SSBXQ,US8282511083,
SRI,US86183P1021,
SFRFF,CA82771N3022,
RBA,CA7677441056,
OSIS,US6710441055,
CHRW,US12541W2098,
MBRG,US5960941020,
SAPIF,CA8029121057,
SUUIF,CA86828P1036,
CHH,US1699051066,
CLNH,US15188T8018,
TUC,,No best match available
3MNEA,,No best match available
MGRUF,CA6179141065,
BRVO.,,No best match available
IRET,,No best match available
SMN.U,,No best match available
FCS,,No best match available
PWI.1,,No best match available
ROAC,US7726321059,
SLHVF,,No best match available
CHL,,No best match available
CDCI,US14148P2074,
3ALRG,,No best match available
0080A,,No best match available
MBAY,US58446J2078,
DRQ,US2620371045,
CUI,,No best match available
IN,,No best match available
3ITCD,,No best match available
PFCO,US7035881033,
EAGB,,No best match available
SNNAF,,No best match available
MBWM,US5873761044,
SNSGF,CA8169232052,
REMY,US75971M1080,
CWST,US1474481041,
HPPI,,No best match available
ABVT,US00374N1072,
EPR,US26884U1097,
CLBH,US1437851033,
LTS,US50575Q1022,
GPI,US3989051095,
OECI,US68555W1053,
BSMZF,,No best match available
CSU,US1404751042,
CBIS,,No best match available
NOVC,,No best match available
TONS.,,No best match available
PSEM,US7138311052,
SNRNQ,US83568V1017,
FTMNF,CA5503711080,
DY.,,No best match available
OEXFF,,No best match available
ECMXF,CA9134541049,
HOMS,US88738N1037,
MKX.,,No best match available
FCEN.,,No best match available
ROYHF,,No best match available
CTIB,US1259613008,
YDNT,US9875201033,
MTD,US5926881054,
TCC.1,,No best match available
3AESK,,No best match available
MLGGY,US5854701076,
PACI,LU0212178916,
BBQZY,,No best match available
MOFG,US5985111039,
CPFH,US1401442058,
RGX.1,,No best match available
LGY.U,,No best match available
RBYCF,CA7809115099,
ECTE,US27876L2060,
OLNCF,CA6819761066,
0155A,,No best match available
PYR.1,,No best match available
SAH,US83545G1022,
SPHC,,No best match available
SVON,,No best match available
MLCOF,CA6238912076,
GEVI,US36976P2074,
HIT.U,,No best match available
CTHR,US1597651066,
OCEIF,CA68371C1014,
TSUAF,,No best match available
MCCRF,CA57980Q1063,
PGNX,US7431871067,
AFMCF,CA0082872031,
NVDL,,No best match available
CDN.,,No best match available
SBBX,US78413T1034,
AMG,US0082521081,
AFCO.,,No best match available
ORXE,US6857752074,
GEOS,US37364X1090,
ENHT,US2933131029,
RNWK,US75605L7082,
AMCC,US03822W4069,
BASI,US09058M1036,
FTGX,,No best match available
GMTCQ,US36466D1028,
DPGYF,CA2471281014,
AUMN,US3811191069,
CSBB,US12628R1077,
ILIU,,No best match available
BASCF,,No best match available
NANX,US6300791018,
ASRT,US04545L1070,
MPWG,US5534441002,
IEAM,US4561322086,
TOTZF,CA89154B1022,
CFFI,US12466Q1040,
EVHC,US29413U1034,
IBCA,,No best match available
OMNI,,No best match available
3FDTR,,No best match available
BB,,No best match available
MHTX,US5631221000,
ICPBF,CA45769T1021,
ROIUF,,No best match available
AIII,,No best match available
FRN.2,,No best match available
ASRPF,CA0452972072,
INGR,,No best match available
HNLMF,CA4334733033,
BLLN,,No best match available
IVISF,,No best match available
MDTV,US5828282088,
BRMR,,No best match available
POWI,,No best match available
BRTX,US0906554086,
GNEUF,CA3659001091,
GWLKQ,US3624471047,
AWTI,US0092291055,
HWK,,No best match available
SPD.2,,No best match available
OPAY,US67623R1068,
ANPM,,No best match available
DTGF,US2567431059,
PBIX,,No best match available
URI,US9113631090,
NMTLF,CA64157G1019,
PHLI,US6951131001,
AI,,No best match available
SWCB,US81661A3059,
VSBN,US9179271054,
SOYL,,No best match available
3SPDV,,No best match available
QEXXF,CA7477621022,
ADOT,US00754V1098,
SVCX,US78486P1030,
AOGC,US0525771038,
SNZH,US79781B2034,
EVBS,,No best match available
AMIN,,No best match available
PEDE.,,No best match available
NWFL,US6695491075,
TMOL,US8962741075,
OVLY,US6718071052,
OLBK,US67984M1009,
PSBC,US6948641096,
BEGI,US09259B1044,
EOPIQ,US27885H1059,
CBBO,US1972311039,
3FLFL,,No best match available
BJGP,US05569C1053,
SDGL,,No best match available
KLIB,US4941131033,
KISB,,No best match available
NAWL.,,No best match available
LCNB,US50181P1003,
MTCH.,,No best match available
MDJT.,,No best match available
MILLQ,US6005271050,
HOPE,US43940T1097,
SLPHQ,US8653781034,
IRMC,,No best match available
GPPL,,No best match available
NJMC,US6458271060,
LIVE,,No best match available
SAAS,,No best match available
PFHO,US69439P3082,
NPLA,US45773L1035,
FCGYF,,No best match available
TSA,,No best match available
RASF,US7492278640,
HFWA,US42722X1063,
TSBK,US8870981011,
LIXXF,,No best match available
MPB,,No best match available
SCS,US8581552036,
GMGLF,CA04281R2019,
LDSH,US5057542004,
ACY,US0077371096,
SYS.4,,No best match available
DIA,US78467X1090,
OPOF,US6801941070,
PSYTF,CA7029251088,
IPPLF,CA45833V1094,
RMLXD,,No best match available
SWIM,,No best match available
DSGX,CA2499061083,
TSBA,,No best match available
WPC,US92936U1097,
FXNC,US32106V1070,
TALN,,No best match available
RMTI,US7743741024,
VRSN,US92343E1029,
ENMFF,CA29267S1056,
IESC,US44951W1062,
CORV,CA22026V1058,
DRETF,CA26153P1045,
WOAM,US98142E6077,
CECO,US1416651099,
EGTYF,CA2823651054,
WINS.,,No best match available
WSCC,,No best match available
MRCY,US5893781089,
PFIS,US7110401053,
AGFRF,CA0009412036,
CYE,,No best match available
WTSHF,CA96145A2002,
ENSI,US2929701009,
GPL,CA39115V1013,
CTAC.,,No best match available
ZTSTF,CA9899303007,
ATUSF,CA0209361009,
MDS,,No best match available
3368B,,No best match available
MDER,CA5839321083,
PWR,US74762E1029,
ZAAP,US98912M2017,
COFS,US1703861062,
AWWC,,No best match available
FCGI,US31986R1032,
INKS.,,No best match available
MUSE,FR0000037970,
MACQF,CA88337H1010,
IBIN,US4492362078,
ECBE,US2682531015,
NUTR,,No best match available
CTBK,US17770A1097,
CBAN,,No best match available
GNSS,US37184C1036,
MUH.A,CA55269V1013,
SHOEQ,US8248941093,
ABK.A,CA0169063074,
DOCC,US2559111099,
MDRRF,CA58503R4070,
0084A,,No best match available
BLAB,US0906222007,
WENDF,CA9509081035,
WARGF,CA9362641008,
RPTZF,,No best match available
ETOP,,No best match available
MUH,US09253P1093,
QUTIF,CA7479461013,
XTND,,No best match available
TTRHF,CA8810011012,
CNXN,,No best match available
SRDX,US8688731004,
GMPW,US3763661002,
XEL5,,No best match available
TORZ,,No best match available
FUSB,US33744V1035,
WDR,US9300591008,
CIX,US20563P1012,
MUC,US09254L1070,
SSCFF,CA83171N1087,
BDMS,,No best match available
CPNT,,No best match available
UNS1,US9255501051,
ESREF,,No best match available
JST,,No best match available
MRGE.,,No best match available
UBSBF,CA5012821073,
SDXMF,,No best match available
CAO,,No best match available
CCNMF,CA13124H1064,
CWLZ,US2237672033,
PACT.,,No best match available
AQMT,,No best match available
ANH,US0373471012,
CAPC,,No best match available
CAVB,,No best match available
ICBC,,No best match available
XPOI,US98415T1097,
STKPQ,US8578752078,
ASI,,No best match available
GSVI,US36230D2062,
CONX,US2187242019,
OSPN,,No best match available
ACPIQ,US0370231088,
ILNC,US4517241083,
FNDT,IL0010824949,
INO,,No best match available
CRGN,US23126R1014,
BRCM,US1113201073,
MOBI.,,No best match available
APSN,US03823Y2037,
SMXMF,CA7959121046,
SONO.,,No best match available
CPA.U,,No best match available
FII,US3142111034,
CLU,,No best match available
0710B,NL0013673312,
NEPG,,No best match available
NCFT,,No best match available
TPB,US90041L1052,
AAAGY,US02143N1037,
SANYY,US8030383066,
RENX,,No best match available
BAYRY,US0727303028,
BZLFY,US1207384066,
DLAKY,US2515613048,
MRCIY,,No best match available
TATYY,US8765706077,
SSLZY,US8030218072,
AMCR,,No best match available
ATEYY,US00762U2006,
RELX,US7595301083,
AMEZY,US00167X2053,
SPMYY,US84856M2098,
ESALY,US2825793092,
JMHLY,US4711154025,
SSL,US8038663006,
JHX,US47030M1062,
SZEZY,US8646861000,
PSO,US7050151056,
LRLCY,US5021172037,
ABOYY,US0185321017,
EONGY,US2687801033,
CXP.1,,No best match available
CTTAY,US2107712000,
FERGY,US31502A3032,
SHCAY,US8198823093,
VWAGY,US9286626000,
KGFHY,US4957244035,
DEG,,No best match available
ADO,,No best match available
NLSN,GB00BWFY5505,
RWEOY,US74975E3036,
SEOAY,US86210M1062,
SHRGY,US8065852043,
CKHUY,US12562Y1001,
AIQUY,US0091262024,
SNY,,No best match available
HAVSY,US4193131012,
VIVHY,US92852T2015,
PUBGY,US74463M1062,
NVS,US66987V1098,
SNN,US83175M2052,
ALU,,No best match available
WTKWY,US9778742059,
AFLYY,US0091191082,
UPMKY,,No best match available
NRIT,,No best match available
TRMD.,,No best match available
SRA.2,,No best match available
SDXAY,US8337921048,
HMY,US4132163001,
MXCYY,US5926711012,
HGVLY,US30050Y1010,
SPPJY,US8030692029,
NTDOY,US6544453037,
VLEEY,US9191343048,
DANKY,US2362771097,
LOGI,CH0025751329,
UUGRY,US91311E1029,
CGGYY,US12531Q2049,
IPRPY,US46018M1045,
SPI.3,,No best match available
SSEZY,US78467K1079,
SAP,,No best match available
INTHY,,No best match available
NCLH,BMG667211046,
PKX,US6934831099,
SPKKY,US84652A1025,
HEINY,US4230123014,
PTILY,US7437071019,
VNLPY,,No best match available
CX,,No best match available
WMMVY,US93114W1071,
CTORF,,No best match available
AAK.Z,,No best match available
FECCF,CA35905B1076,
AETUF,CA00208D4084,
ABCFF,CA0025555065,
AATSF,CA0029222019,
SKR.Z,,No best match available
AMRZF,,No best match available
AFO.2,,No best match available
IVUMF,CA45768W1068,
ARFCF,,No best match available
AGMIF,,No best match available
AHBRF,CA0159021090,
CFGX,US1401431085,
GEMNF,CA36865S1065,
TGRO,US88674T1060,
LMDCF,CA5357441065,
BDRGF,CA4700031046,
AMBTQ,,No best match available
DTGI,US25375L2060,
AMT,US03027X1000,
AMAB,US03061G3020,
EIS.Z,,No best match available
SNN.Z,,No best match available
CCZFF,CA2267521037,
ATLRF,CA0494771029,
PAYS,,No best match available
9688B,,No best match available
AQPVF,,No best match available
AQLNF,CA03839N1006,
ADMO,,No best match available
AHNMF,CA03958A1030,
ARWJF,CA04268T1057,
CYPYF,,No best match available
AOTVF,CA04364G1063,
ABGFF,CA0246381085,
FZR.U,,No best match available
COSWF,CA13643E1051,
AGCCF,CA37252X1042,
AUNFF,CA0519188035,
AVLNF,CA05337L1067,
LECFF,,No best match available
MMTIF,CA59509P1062,
AXANF,CA0545991055,
YOHOF,,No best match available
BPIGF,CA0559341031,
BADFF,CA05651W2094,
BSRR,,No best match available
BCS.P,,No best match available
BMNTF,CA0739221061,
UPC.Z,,No best match available
CMCXF,CA12571Q4034,
BPAX.,,No best match available
BEVFF,CA2553311002,
BCI.,,No best match available
BRKDF,,No best match available
WEEEF,CA9581593030,
BZZT.,,No best match available
BHMNF,CA09066X1096,
BVTEF,CA45107N2059,
BLVKF,,No best match available
LFBG,US52464N1090,
PBMLF,CA69403R1082,
BRLXF,CA09950M3003,
NNGVF,CA88160V1022,
CWVLF,CA2284622065,
HNCKF,CA37518K1021,
BIT.1,,No best match available
JAMGF,CA4717182055,
KL,CA49741E1007,
JPOTF,CA4663912083,
BRKL,US11373M1071,
DRRSF,CA04035D1024,
GULSF,CA04375E1088,
ILISF,,No best match available
IMAHF,CA44973V1022,
PMBJF,,No best match available
CPCF,US1261471072,
CBEEF,CA12687C1086,
IDIFF,BMG476M11089,
NWXPF,CA6518531034,
BALMF,CA05874M1032,
CWYUF,CA83179X1087,
CLPYF,CA1317191064,
CVYPF,CA1319111094,
CANWF,CA68558N1024,
CCRJF,CA1250011071,
CRXIF,,No best match available
CBC.H,CA1369161031,
CAOMF,CA1369181096,
CANSF,CA97111B4047,
CUOSF,CA1379141072,
AOIFF,CA00829Q1019,
CPSJF,CA1568743076,
CTGI.,,No best match available
HVBTF,CA43366H1001,
COGGF,CA19046T1021,
CDXGF,,No best match available
DNAG,US23324Q2021,
CRPOF,CA1499071076,
CMIG,,No best match available
CERT,LU0077217221,
PPAFQ,US74367R1023,
ADSD,US0065332027,
GCRIF,CA77536Q2027,
RBI.1,,No best match available
WPM,CA9628791027,
CWH.,,No best match available
LGDOF,CA55036X1096,
JGFCF,CA47008T2083,
CCP.P,,No best match available
SBEZF,,No best match available
CLKFF,CA1819011091,
CLNMF,CA1869051054,
0048A,,No best match available
COLM,US1985161066,
AJXGF,CA00847V1085,
SWYDF,CA86222Q8065,
XLEFF,CA98418B1058,
DMIFF,CA2525312070,
ED1,,No best match available
OMCCF,,No best match available
LGORF,CA5171034047,
3PEZG,,No best match available
XEPRF,CA9840072032,
SUVRF,CA63940B3048,
TTL.Z,,No best match available
IOGIF,CA73238C1041,
SOHFF,CA87975D1096,
QHRTF,,No best match available
ISEYF,CA9774861095,
LDIFF,,No best match available
CTPMF,CA2119063006,
BRSOF,,No best match available
CDDRF,CA2199191073,
AVRTF,CA05351M2040,
ASKDF,CA32016U2074,
CSNT,US2256461086,
ZBLFF,CA98952A1093,
TIDE,,No best match available
FSVEF,CA3183182011,
VYGVF,CA92917M1005,
NWTT,US62948J1034,
CYDVF,CA2327492005,
CTDH,US12642Q1013,
CY.H,CA2329421028,
IFLXF,CA4524352099,
NGD,CA6445351068,
DNLYF,,No best match available
APDN,,No best match available
0588B,NL0013672090,
INI.Z,,No best match available
DSU,US09255R2022,
LMCNF,CA52176A2056,
PEYUF,CA7170461064,
DEZ.1,,No best match available
DVNNF,CA2519051056,
DGCRF,CA2519121016,
DZRFF,CA2529045031,
NRIFF,CA67092F1045,
DTEMF,CA2549201010,
3602B,,No best match available
SA,,No best match available
TAOIF,CA87377N2005,
VNDKF,,No best match available
ECRTF,CA04681A1057,
EGPLF,CA2699062022,
3ESHQ,,No best match available
LWLG,US5322751042,
BXLPF,CA09069J1075,
ECU.,,No best match available
EGFLY,US28225R3084,
ELDO,,No best match available
ELTP,US28659T2006,
NANM,US62920Q1094,
EVSC,US29267B1026,
EESE,US29273G1031,
EGDFF,CA29268A1030,
ENDTF,CA13780R1091,
ESGR.,,No best match available
OLIKF,CA67526P1080,
PRPJF,CA74347V2075,
ECGI.,,No best match available
MXV.,,No best match available
EET.2,,No best match available
EGX.Z,,No best match available
TSKFF,CA87425A1012,
EXLLF,CA30069C2076,
MDNNF,CA6544541072,
EORXF,,No best match available
SDDDF,CA8651261064,
AZMTF,CA3019501012,
3ARGY,,No best match available
EORBF,CA68558W1023,
FMBM,US30237P1066,
FWM.,,No best match available
FRLIF,CA30739P1099,
FBSS,US3120591082,
FPPP,US3165701000,
ACLP,PLBIOMD00058,
MCAP,,No best match available
FI.H,CA32053H1010,
SSEBF,CA8282292033,
FQVLF,CA3359341052,
FPOCF,CA3025911023,
TXT.U,,No best match available
BEC.Z,,No best match available
CBWTF,CA05335P1099,
TVETF,CA8943531019,
PLM,CA7319161021,
FMTIF,CA30252D1033,
DAYYF,CA2395902018,
LGMFF,CA09368H1091,
AAMA,US04519R1068,
FTMDF,CA34967D1015,
PTL.,,No best match available
GAS.1,,No best match available
ALDVF,CA01438U4000,
FOFN,,No best match available
PVX,,No best match available
FCMCQ,US3534872003,
TRBMF,CA89131L1085,
FRHLF,CA3565001086,
USYNF,CA90922H2072,
GWRRF,CA29330R1001,
ECMLF,BMG291951314,
GLVCF,CA3639061082,
EVGEF,CA30024G1037,
PAOS,,No best match available
GGCRF,CA8284261069,
GNBT,US3714853013,
CXLIF,CA4937481071,
GGLXF,CA36171B3002,
GLMFF,CA3763941026,
GILXF,CA37636Q1063,
DJIFF,CA2340672054,
HRRZF,CA44053J2011,
BIM.,,No best match available
GLKFF,CA75101V1013,
MKVNF,CA2548481043,
NNEMF,,No best match available
GBKVF,CA38076R1091,
GBRIF,CA3809321035,
MTYFF,CA55378N1078,
GPXM,US3811491030,
LSANF,CA5443121010,
BAJFF,CA13467N1087,
BWMG,US1158672022,
ENGFF,CA29266X1050,
SND.Z,,No best match available
GPTRF,CA38655P2017,
GCGMF,CA3899141020,
GWMGF,CA39141Y1034,
AHFCF,CA3434491047,
TAKD,US8934593059,
GBO.H,CA36150T1084,
GRDSF,CA3999002080,
HEG.1,,No best match available
EKGGF,CA14159N2086,
HBC.P,,No best match available
UNIGF,CA7568253032,
BIOYF,CA0906901081,
HLTOY,US4233253073,
0162A,,No best match available
RCTFF,CA77174P3007,
AVGCF,CA0537501052,
HLFN,US4371832050,
HFBC,US4397341045,
LOKCF,,No best match available
HYKCF,CA4489431003,
ACF.Z,,No best match available
IRW,,No best match available
PNOPF,CA69353K2020,
ICLTF,CA4654481080,
ISSX,US46060X1072,
IDYLF,CA4519204099,
IAC.Z,,No best match available
IRMGF,CA45772J2083,
AILQF,CA0091204036,
SAMOF,CA80100R1010,
ITKG,,No best match available
ICMTF,CA4581891070,
ARSC,US0295694071,
IBTGF,,No best match available
EXP.2,,No best match available
PNMLF,KYG5086A1141,
GRJVF,CA86881M1041,
CVVUF,CA13708P2017,
IDAS,,No best match available
FGOVF,CA3564552048,
NOM.,,No best match available
IRDYF,,No best match available
VVVFF,,No best match available
THM,CA46050R1029,
EZM.1,,No best match available
TLTFF,CA88337V1004,
IXN.,,No best match available
WSMXF,CA97653G1000,
CZXMF,CA98959V1067,
JNRRF,CA4659271015,
TEC.1,,No best match available
FSM,,No best match available
CLLZF,CA20588Y4004,
ICGQF,,No best match available
KIQ,CA48826D2014,
ESKYF,CA2964371066,
BLKPF,,No best match available
AHP.,,No best match available
NIOBF,CA6544841043,
KLDX,,No best match available
AGGFF,CA00829A6016,
KOLR,,No best match available
MXGIF,,No best match available
AFMJF,MU0456S00006,
WSEYF,,No best match available
BRYFF,CA10778T1057,
PLYFF,CA72811X2041,
ERL.H,CA2701161069,
RGDFF,CA76131P1062,
EXK,CA29258Y1034,
LEXVF,,No best match available
FE..,,No best match available
LBEFF,CA6658031027,
SMTS,,No best match available
ROGFF,CA7798992029,
LGI.Z,,No best match available
SNUYF,JE00BF4N9R98,
LXRRF,CA55068L1067,
TCLVF,CA2761657014,
MPZ.Z,,No best match available
MRR.,,No best match available
MCBC,US5542251021,
MCDMF,CA5543244001,
MCKZF,,No best match available
MYO.,,No best match available
CCJMF,CA58548A2039,
SVLC,,No best match available
ZNI.Z,,No best match available
MJGCF,CA5609121077,
MFMNF,CA3814521017,
EMX,CA26873J1075,
MAUXF,CA5729031024,
HFGVF,CA4103471088,
ENAFF,CA2924832033,
MSVB,US59548Q1076,
MDY,US78467Y1073,
MGHCF,CA6025321036,
RDMKF,CA7489341064,
MNODF,,No best match available
MLGAF,CA5610471016,
NTWK,US64115A4022,
MRDDF,CA6900221087,
MMIPF,CA5908152054,
MISN,,No best match available
TYHJF,CA9021661074,
MLYCF,CA0253081073,
EVRRF,CA3004103055,
HRTT,US42234M1018,
ZMWYF,CA98979X1087,
MFU.U,,No best match available
MMPUF,CA62541J1049,
MUJ,US09254X1019,
TITUF,CA88833T1049,
NOIGF,CA62875E1016,
SDT.U,,No best match available
EFE.Z,,No best match available
AOOR,US0376221075,
ORRMF,CA68618L2030,
NHR.1,,No best match available
CHWE,US1694641044,
ENE.Z,,No best match available
PNCKF,CA74623Q1046,
APMFF,CA2695483016,
CNNEF,CA1348082035,
NGUGF,CA6449021089,
NMN.U,,No best match available
NRSRF,LU0488722801,
NKRSF,CA6539051095,
SBWFF,CA8633633059,
NIOCF,CA6539171042,
VAA.Z,,No best match available
VRXMF,CA92765V1031,
NXX.,,No best match available
COGDF,CA20451T4054,
SMDZF,CA8627591073,
NOSOF,CA65626P1018,
RVTI,US7680272033,
NATUF,CA6569141089,
NODB,US6590121082,
HIIAF,CA4368714040,
NAK,CA66510M2040,
BYVVF,CA0727771051,
NWYF,US6672702015,
NWIN,US6675161086,
NKOFF,CA67000Y1043,
APAFF,CA9214281086,
FE1,,No best match available
OILXF,CA6779091033,
WHIT,US9667853058,
SCRH,US80917W2026,
EOXFF,CA29873T3073,
ONT.,,No best match available
UULFF,,No best match available
OZN,,No best match available
OR,CA68827L1013,
UUUU,CA2926717083,
CIGIQ,US18975Y1082,
PGL.Z,,No best match available
PWESF,,No best match available
PISEF,,No best match available
KOG,,No best match available
AXXDF,CA01434T1003,
VGLDF,CA92202K2074,
PCSFF,,No best match available
PLDLF,CA6959421026,
PIE.Z,,No best match available
HBM,CA4436281022,
ZNNC,US98906U3005,
PAHAF,CA7036932001,
PGC,,No best match available
PES.,,No best match available
PBRCF,CA7049111064,
RED.Z,,No best match available
NOXGF,CA6544851018,
MRKR,US57055L1070,
PTORF,,No best match available
CMLGF,CA13758Y2015,
PLBN,US7215301034,
PLLVF,CA6964342084,
DTEYF,CA13710X1015,
PWURF,,No best match available
RIOM,CA76689T1049,
KCL.,,No best match available
ECL.H,CA2682591086,
PMVGF,CA7301532023,
CNMXF,CA13711B1085,
SOQDQ,CA8354262062,
PMX.,,No best match available
TRARF,CA8808411018,
PGX.Z,,No best match available
PMK.Z,,No best match available
JECFF,CA4820723035,
QTRRF,CA7479521097,
RER.2,,No best match available
RHWKF,,No best match available
NRX.2,,No best match available
BEN.Z,,No best match available
GVCM,,No best match available
HOILF,CA44570P2017,
SGMNF,CA86944A1057,
RIOCF,CA7669101031,
RDIAF,CA77434W2022,
RTT.Z,,No best match available
RTRAF,CA7759032062,
RRDSF,CA11801R1082,
RYSMF,CA7809192056,
TNFG,US8726061083,
EWPMF,CA27580T1075,
SPY,US78462F1030,
SELSF,CA7849211080,
SGSVF,CA7852461093,
UROFF,CA92330B1031,
SJOE,US7905951023,
GBV.,,No best match available
FOLGF,CA3060711015,
VPC.Z,,No best match available
VAERF,CA03674T1057,
CGAFF,AU000000CGX8,
NXIFF,CA2886642040,
MSII,US58446X2062,
SPGTF,CA8169111017,
CS.1,,No best match available
SGRNF,CA8174991064,
PPEHF,,No best match available
SHGDF,CA85511Y1088,
MTK.Z,,No best match available
SHESF,CA4035271044,
MLKKF,CA5875821079,
MWXRF,CA6034651050,
LUNMF,CA5503721063,
SCMF,US8426321019,
STPJF,CA84359Y1060,
VKIN,US9267951054,
SVM,CA82835P1036,
SPS.,,No best match available
SPVEF,,No best match available
SHVLF,CA85525T2020,
TEUM,US69946T2078,
PHXHF,CA69338U1012,
LTXFF,CA50544R1082,
CECBF,CA15116L1022,
AUAYF,CA00652E5065,
NTSFF,CA63009M1005,
RSSYF,CA74975F2017,
BXEFD,,No best match available
SRYB,US86888W1053,
TIR.1,,No best match available
TYK.Z,,No best match available
TAYC,US8768511060,
USSHF,CA9091725049,
TMCV,US87972L1044,
EQU,,No best match available
TNTU,US88033T1025,
TMGEF,CA88346B1031,
NPCUF,CA0197741089,
TITAF,,No best match available
TPCFF,CA88831E1097,
BRMWF,CA1052541069,
WLDVF,,No best match available
TCHSF,CA89156A1021,
BUKRF,CA4513531067,
BIDCF,,No best match available
3TOPL,,No best match available
PYCFF,CA6218861004,
TVL.1,,No best match available
TNTSF,CA89600C1005,
CLKXF,CA87310A1093,
SGCNF,,No best match available
STMGF,CA85284P1027,
TPSSF,,No best match available
OVTZ,US67575Y1091,
DMX,,No best match available
UPL,,No best match available
SFCJF,CA83401X1087,
UBOH,US9094581017,
BRUZF,CA1348281025,
WLL.Z,,No best match available
SPRWF,CA86860J1066,
NKWFF,CA6298151011,
PRPCF,CA74347D2077,
GBLHF,CA37945M2004,
UVYZY,US9168871021,
JSDA,US48023P1066,
VEGF,,No best match available
VSMMF,CA9179191023,
IGFFF,CA45671C1068,
VSGN,CA4581733090,
RDEXF,CA75686Y4058,
ZUMRF,CA98978C1059,
MBND,US62544X2099,
VITFF,CA92625W1014,
VKR.U,,No best match available
NBAN,US6574771050,
JGBO,US47737R1014,
WIXFF,CA9755291080,
ETRXF,CA29786T1057,
AG,,No best match available
VCIGF,CA92852B1013,
IPT,,No best match available
WNXXF,CA9346322097,
WFGCF,CA94154L2093,
WDA.,,No best match available
EMU,,No best match available
EDVMF,KYG3040R1589,
FAIRF,CA8030071036,
CSOSF,CA2023721087,
SALOF,CA79547T1003,
SIM.2,,No best match available
CIMK,US17185N1000,
WTCRF,CA9599072050,
WPRT,CA9609083097,
GQMLF,CA39119X1033,
WWEXF,CA92890W1095,
WKR.Z,,No best match available
CSPUF,CA1366371054,
HBRM,US42703A2087,
WICEF,CA96948A1003,
WTA.,,No best match available
ADRGF,,No best match available
SOGFF,CA86277F8468,
YNGFF,CA92346R1001,
YZCAY,US9848461052,
AFRIF,CA00818V1031,
SNAVF,CA8551571034,
FCCG,US34416Q1094,
FGBI,US32043P1066,
HOFF,,No best match available
RLH,US7567641060,
OME,,No best match available
6911B,,No best match available
CYGFF,CA23256A1003,
ARMH,US0420681068,
CRTP,,No best match available
PFBC,US7403674044,
SOFO,US83545R2076,
EFTI,US2703181089,
ENLU,US2927621019,
OBP.,,No best match available
GAI,,No best match available
DEAR,US24242R1086,
ANNRF,BMG039101099,
CSBC,US1766821029,
NGEN,,No best match available
RSX.Z,,No best match available
BOTH,US09059E1001,
MDIN,,No best match available
SSG.1,,No best match available
ADPI,US0253531034,
BTSR,US10947N1046,
FTBK,US35907K2042,
YLD.,,No best match available
EZGRP,US27785A2006,
HTBK,US4269271098,
JADE,,No best match available
LBAI,US5116371007,
SKYIQ,US83083D2062,
TCFC,US20368X1019,
PUCCF,CA69834N1069,
FNFG,US33582V1089,
BNCN,US05566T1016,
COMB.,,No best match available
AXYX,,No best match available
MANH,US5627501092,
UPFC,US9113011095,
CPV.1,,No best match available
CRAI,US12618T1051,
DHF,US09660L1052,
ADNY,US00687R1005,
IOX,,No best match available
LHO,US5179421087,
CLEC,KYG224041189,
WUHN,US9825691051,
AWLD.,,No best match available
SFDL,US8139031012,
AMKR,US0316521006,
3BSDS,,No best match available
MAEI,US5563021071,
CPSO,US1406771055,
IPCC,,No best match available
SOCB,,No best match available
POEFF,CA69806Y1060,
VTR,US92276F1003,
FGFH,US3455261079,
MUS,,No best match available
PCLO,,No best match available
SMMF,US86606G1013,
GRUA,,No best match available
MPE.1,,No best match available
FIZN,US3194621070,
EQY,,No best match available
FBMT,,No best match available
3DRUG,,No best match available
FRMC,,No best match available
EVOL,,No best match available
NBD.1,,No best match available
SHS,,No best match available
DIGF,US25386R1014,
IOSP,US45768S1050,
AGTK,US00856J2024,
ICLR,IE0005711209,
LLL,,No best match available
PRZFF,CA74270U3091,
CANI,,No best match available
IDXG,US46062X2045,
WCN,CA94106B1013,
AXTI,US00246W1036,
AWX,US05343P1093,
NEFF,,No best match available
HIX,US95766J1025,
SFNS,US86606J1051,
SLCH,US8492051094,
CZBC,US1729501072,
CLRS.,,No best match available
CATC,,No best match available
QMXGF,CA74735D1087,
HCKT,US4046091090,
MDPCF,CA5579031017,
IHCH,US45821T1088,
ULTI,US90385D1072,
HZO,US5679081084,
RAE,,No best match available
HWBK,US4204761039,
IPLY,US4606151078,
CNRD,US2083051027,
ARPC,,No best match available
SLGI,US81372Q1022,
NWMT.,,No best match available
FNHM,US3025282035,
GIL,CA3759161035,
FLYR,US63935R1086,
SCOO,US8078641037,
PANC,,No best match available
CZBT,US17316V1044,
HAST,,No best match available
MSTR,US5949724083,
SKAS,US79380Q2057,
UNB,US9054001071,
SUMT,US8666151076,
LZR,,No best match available
CXDO,US2265521078,
CBKM,US2105091050,
BEBE,,No best match available
TYCB,US8768381035,
EGBN,US2689481065,
GISX,US37934A1007,
COBZ,US1908971088,
ORRF,US6873801053,
OMM.1,,No best match available
AVIT,US05348F2056,
GTCC.,,No best match available
CTSH,US1924461023,
CRRWF,VGG2157A1158,
PBCO,US7103111016,
RH,US74967X1037,
DOX,,No best match available
APES,US00437U1060,
FNLC,US31866P1021,
GGB,US3737371050,
ATDEF,CA6120422002,
BRBI,,No best match available
CEDCQ,US1534351028,
GNVC,US37246C4069,
TSQ,US8922311019,
WBCO,US9373031056,
DNI,US25538A2042,
TRDO,IE0033216122,
TLVA,PLTLVPL00022,
VVR,US46131H1077,
GRNB.,,No best match available
CMLS,,No best match available
KG,,No best match available
LMIA,US5020791068,
HYF,,No best match available
RHAYY,US7623972061,
MIPS,,No best match available
SOMH,US8347281078,
EDFY,US2796571006,
CSGP,,No best match available
BOCH,,No best match available
TFS.,,No best match available
PNLYY,AU0000015083,
CLS,CA15101Q1081,
GRWIF,,No best match available
RSG,US7607591002,
XPITX,US46127A1088,
ABGX,,No best match available
EAS2,,No best match available
DFIFF,CA25260V1031,
GT.A,CA3789461074,
PFBX,US71103B1026,
FCCO,,No best match available
ESIMF,IL0010829245,
BCSB,US0553671068,
KCG.1,,No best match available
3ABHH,,No best match available
CTQN,US1479101032,
SKYEY,US8308082002,
UCFC,US9098391025,
RTLX,IL0010806706,
ADGF,US0062282092,
APAB,,No best match available
HBIA,US4316431059,
CULS,US2214921015,
FMAO,US30779N1054,
3FULB,,No best match available
URAGF,CA40444R1001,
SBP,,No best match available
FMC.Z,,No best match available
THEGQ,US9011671065,
BIRT,US00508B1026,
CFNL,US14149F1093,
DMKBA,US24847N1063,
IIBK,,No best match available
OVOE,US6824212012,
NTOL,US6387891079,
RBCAA,US7602812049,
DYAX,US26746E1038,
TMN.1,,No best match available
LEU,US15643U1043,
HHY,,No best match available
ELON,US27874N3035,
ELBO,,No best match available
AFXSF,CA00106W1023,
SMED,US8200171010,
TCYSF,CA8789501043,
CACS,,No best match available
DHY,US22544F1030,
EPD,US2937921078,
3HCAR,,No best match available
PFSCD,,No best match available
GAMT,US37934J2006,
JVNCF,CA4811582028,
MTEX,US5637712036,
ARAO,US05153V1052,
SAL,,No best match available
UFMC,,No best match available
CVNSQ,US21254R2085,
PACR,,No best match available
HDII,US44914V1044,
INOH,US4532291063,
OPEN.,,No best match available
DTLK,US2379341041,
ECLP,US2788561098,
SRFDF,,No best match available
GBTB,US3614621049,
3PTON,,No best match available
UWHR,US9181831044,
SPGR,,No best match available
CATT,US1490161072,
DRIV.,,No best match available
OYSM,US67421G1040,
MERB,,No best match available
SCIL,,No best match available
SGRZ,US8618371020,
CVG,,No best match available
GNLAF,CA37183V1022,
TERN,,No best match available
IHR,,No best match available
CLK.2,,No best match available
UAMA,,No best match available
CCI,US22822V1017,
GLBC,BMG3921A1751,
TFSM,US9013142032,
LIME,,No best match available
PPCO,US7097541053,
AXB.Z,,No best match available
ENTU,,No best match available
AMBFF,,No best match available
ASPM,US0452351085,
VDSC.,,No best match available
PNOT,US7031862052,
PPLS,US7041601003,
DLGI,US23804Q1022,
0484B,NL0013671050,
GSCB,US39233Q1094,
APO.2,,No best match available
FNCB,US3025781093,
CRGO,,No best match available
3UBMI,,No best match available
IRNS,US4632282053,
VISRF,CA92833P1045,
PRYNF,CA0563621063,
EVAI,US29038L2079,
CETX,US15130G6008,
FLXT,US33938W2061,
ZPTAF,CA86880Y1097,
GMNI,US36866G1013,
TIGE,US88674J1088,
UFBV,US9135131079,
CMFV,US20038W1036,
IXYS,US46600W1062,
GCA.Z,,No best match available
SMCE,US78446R1086,
THCG,US87242T1016,
RIBT,US7628312040,
FRPT.,,No best match available
CPCGF,CA12615N1015,
LEAP,US5218633080,
EBAY,US2786421030,
PLKI,,No best match available
VIAS1,,No best match available
0069A,,No best match available
GS,US38141G1040,
EMAN,,No best match available
3FNSW,,No best match available
IFRTF,CA4599761067,
GEOY,US37250W1080,
POM4,,No best match available
ELCI,US2766501082,
PTSH,US69366Q6008,
GIXEF,,No best match available
UCHC.,,No best match available
MFNC,,No best match available
KDOZF,AIG5259K1050,
DVW,,No best match available
SCMWY,US8710131082,
XBKS,US98410X1054,
YUII,US9884321004,
SFFS,US83607V1044,
AQN,CA0158571053,
MBRTF,,No best match available
MERR,,No best match available
3SERC,,No best match available
IMGM,US45248V1089,
GECR,US3731451015,
QMMI,US74727M3060,
CITZ.,,No best match available
MDTR,,No best match available
3EVCL,,No best match available
BSYI,CA09068L1031,
CRGS,US23127Q1022,
TWAV.,,No best match available
IXSBF,CA45771Q1046,
TGLO,US88335R1014,
IFUE,,No best match available
FDX1,ARDEUT110962,
WBMD,US94770V1026,
ADDL,US0073911051,
QSEP,US74736R1068,
7615B,,No best match available
AGCBF,CA02301T1084,
GSPT,US38119W2061,
FNFI,US33582N1063,
ONT,,No best match available
BFNBQ,US0733341046,
CHWWF,CA16550A1075,
EVF,US27826S1033,
UMG.P,,No best match available
UCBHQ,US90262T3086,
NST1,,No best match available
DVTS,,No best match available
WMTM,US9641091023,
HKY.Z,,No best match available
OGE1,CH0011445167,
ABVV,US00389Y2054,
DNXWF,CA26817E1079,
AOBC,US02874P1030,
FNHC,US31431B1098,
IEI.,,No best match available
TXUI,US8828381058,
NTIP,US64121N1090,
PB,US7436061052,
UBNC,US90520V1035,
FIORF,,No best match available
VABK,US9280311039,
ALD.1,,No best match available
SPIN,,No best match available
PAA,US7265031051,
EXMCQ,LR0008764684,
0190A,,No best match available
3632B,,No best match available
CSVI,US20539A1051,
PCYG,US7002153044,
USIO,US9173131080,
TLI,US95790J1025,
SKRRF,KYG735374103,
CVVT,US1694762071,
AEE1,DE000A1PG979,
ATMO,,No best match available
GGLR,,No best match available
3BLLI,,No best match available
AAC.1,,No best match available
BREK,US1067861062,
TKTM,US88633P3029,
GWDAF,CA36485M1095,
APDTQ,US0208142085,
PFCB,US69333Y1082,
SNBR,US83125X1037,
CNXT.,,No best match available
CJBK,US1537701021,
SUPR,,No best match available
HTHXF,CA4190181061,
EMP1.,,No best match available
GEEK,US46058Y1091,
URVNF,CA91703R1091,
VAIL,US9187791093,
CLAI.,,No best match available
TUDMF,CA88606N1024,
HIFN,US4283581050,
BCOR,,No best match available
CNQR,US2067081099,
LR..,,No best match available
MCBI.,,No best match available
ALIF,,No best match available
CTEK,,No best match available
BHY,,No best match available
FME.Z,,No best match available
CSHB,US2040461061,
XNNHQ,US9841171013,
KNGS,US49689D2053,
XLB,US81369Y1001,
ALRT,,No best match available
WFBC,US97111W1018,
ASCBQ,US0435091089,
NEGY.,,No best match available
VMII,US9286222081,
3OKFC,,No best match available
HYBT,US42831T1034,
CFBK,US15346Q4001,
LNCB,US5328791034,
ONFC,US6824791007,
GCBC,US3943571071,
IVFZF,US46184H3012,
FCAP,,No best match available
FPFCQ,US33610T1097,
GDEN,US3810131017,
SKVI,US8307032032,
UDWKQ,,No best match available
KZIA,US48669G1058,
EFSC,US2937121059,
VITA.,,No best match available
SBSAA,US8464258339,
SEVT,US86606A1043,
STL,US85917A1007,
HT,US4278255009,
AVIX.,,No best match available
CRMIQ,,No best match available
RPTTF,CA75971G1019,
NVDA,US67066G1040,
9693B,,No best match available
FNLY1,,No best match available
9698B,,No best match available
FEV,,No best match available
EMI,,No best match available
MMV,,No best match available
CEV,US27826F1012,
EVO,,No best match available
EVP,US27826T1016,
EVJ,,No best match available
EVY,US27826W1045,
AUPH,CA05156V1022,
EVN,US27826U1088,
FLIP,US30266R1068,
HGOCF,CA4269283053,
MSBC,US6050151066,
AXL,US0240611030,
ARJ,,No best match available
TOFC,US8917691011,
CZFC,US17462Q1076,
ETM,US2936391000,
